county,Hazard,totalSubapplicationAmount,Hazard_color
01001,Flooding,17956600.0,00AAFF
01003,Flooding,2273303.22,00AAFF
01005,none,0.0,FFFFFF
01007,none,0.0,FFFFFF
01009,Tornado,720744.0,4F666A
01011,none,0.0,FFFFFF
01013,none,0.0,FFFFFF
01015,Tornado,208872.0,4F666A
01017,none,0.0,FFFFFF
01019,Severe storm,179560.0,FFFF00
01021,Flooding,4900000.33,00AAFF
01023,none,0.0,FFFFFF
01025,none,0.0,FFFFFF
01027,none,0.0,FFFFFF
01029,none,0.0,FFFFFF
01031,none,0.0,FFFFFF
01033,Flooding,105000.0,00AAFF
01035,none,0.0,FFFFFF
01037,Flooding,2100000.0,00AAFF
01039,none,0.0,FFFFFF
01041,none,0.0,FFFFFF
01043,none,0.0,FFFFFF
01045,none,0.0,FFFFFF
01047,Flooding,17956600.0,00AAFF
01049,none,0.0,FFFFFF
01051,none,0.0,FFFFFF
01053,none,0.0,FFFFFF
01055,Severe storm,179560.0,FFFF00
01057,none,0.0,FFFFFF
01059,none,0.0,FFFFFF
01061,none,0.0,FFFFFF
01063,none,0.0,FFFFFF
01065,Tornado,2820343.0,4F666A
01067,none,0.0,FFFFFF
01069,none,0.0,FFFFFF
01071,Infrastructure failure,1848105.0,884DFF
01073,Flooding,4556033.25,00AAFF
01075,Tornado,192500.0,4F666A
01077,none,0.0,FFFFFF
01079,none,0.0,FFFFFF
01081,Severe storm,701495.3,FFFF00
01083,none,0.0,FFFFFF
01085,Flooding,17956600.0,00AAFF
01087,none,0.0,FFFFFF
01089,Tornado,11800000.0,4F666A
01091,none,0.0,FFFFFF
01093,Tornado,297150.0,4F666A
01095,none,0.0,FFFFFF
01097,Infrastructure failure,34466227.85,884DFF
01099,none,0.0,FFFFFF
01101,Severe storm,1160041.05,FFFF00
01103,Tornado,1484598.68,4F666A
01105,Flooding,17956600.0,00AAFF
01107,none,0.0,FFFFFF
01109,none,0.0,FFFFFF
01111,none,0.0,FFFFFF
01113,Severe storm,701495.3,FFFF00
01115,none,0.0,FFFFFF
01117,Flooding,27480211.25,00AAFF
01119,none,0.0,FFFFFF
01121,none,0.0,FFFFFF
01123,none,0.0,FFFFFF
01125,none,0.0,FFFFFF
01127,none,0.0,FFFFFF
01129,none,0.0,FFFFFF
01131,none,0.0,FFFFFF
01133,none,0.0,FFFFFF
02013,none,0.0,FFFFFF
02016,Flooding,869690.0,00AAFF
02020,Extreme temperature,34660000.0,CC5500
02050,Severe storm,10534230.93,FFFF00
02060,none,0.0,FFFFFF
02068,none,0.0,FFFFFF
02070,none,0.0,FFFFFF
02090,Earthquake,22692873.0,FFFFFF
02100,Landslide/Debris flow,149548.3,644117
02105,none,0.0,FFFFFF
02110,Flooding,1812052.0,00AAFF
02122,Flooding,1117602.4,00AAFF
02130,Severe storm,215439.0,FFFF00
02150,Severe storm,500000.0,FFFF00
02158,none,0.0,FFFFFF
02164,Earthquake,620000.0,FFFFFF
02170,Infrastructure failure,2000000.0,884DFF
02180,Infrastructure failure,5997500.0,884DFF
02185,Winter storm,29929141.0,A0E6FF
02188,Flooding,902147.0,00AAFF
02195,none,0.0,FFFFFF
02198,Drought,6211210.15,CC5500
02220,none,0.0,FFFFFF
02230,Landslide/Debris flow,1623037.55,644117
02240,none,0.0,FFFFFF
02261,Flooding,863170.56,00AAFF
02270,Severe storm,500000.0,FFFF00
02275,none,0.0,FFFFFF
02282,Severe storm,101400.0,FFFF00
02290,Flooding,2181056.5,00AAFF
04001,Flooding,1197382.0,00AAFF
04003,Drought,144044506.16,CC5500
04005,Flooding,58383644.78,00AAFF
04007,Flooding,1153581.56,00AAFF
04009,none,0.0,FFFFFF
04011,none,0.0,FFFFFF
04012,Severe storm,50093.12,FFFF00
04013,Flooding,161432298.82,00AAFF
04015,Flooding,8250000.0,00AAFF
04017,Dam/Levee break,3839258.0,00AAFF
04019,Severe storm,8217527.55,FFFF00
04021,Flooding,121036199.56,00AAFF
04023,none,0.0,FFFFFF
04025,Flooding,4527041.58,00AAFF
04027,Flooding,14990854.0,00AAFF
05001,none,0.0,FFFFFF
05003,Fire,35000.0,FF1919
05005,none,0.0,FFFFFF
05007,Flooding,7340437.5,00AAFF
05009,Flooding,40000.0,00AAFF
05011,none,0.0,FFFFFF
05013,Flooding,96026.0,00AAFF
05015,Flooding,20000.0,00AAFF
05017,Severe storm,35000.0,FFFF00
05019,Tornado,1797414.08,4F666A
05021,Flooding,32600.0,00AAFF
05023,Flooding,12754900.0,00AAFF
05025,none,0.0,FFFFFF
05027,Flooding,497268.0,00AAFF
05029,Tornado,40000.0,4F666A
05031,Winter storm,4005511.37,A0E6FF
05033,Flooding,1201720.0,00AAFF
05035,none,0.0,FFFFFF
05037,Tornado,11139282.0,4F666A
05039,Flooding,89626.0,00AAFF
05041,none,0.0,FFFFFF
05043,Fire,35000.0,FF1919
05045,Flooding,30070667.66,00AAFF
05047,Tornado,2040985.93,4F666A
05049,Tornado,1612180.5,4F666A
05051,Flooding,40000.0,00AAFF
05053,Flooding,5583202.26,00AAFF
05055,Winter storm,4005511.37,A0E6FF
05057,Tornado,1636042.8,4F666A
05059,Tornado,1797414.08,4F666A
05061,Flooding,552700.0,00AAFF
05063,Tornado,3920070.0,4F666A
05065,Tornado,1367524.0,4F666A
05067,Flooding,40000.0,00AAFF
05069,Flooding,111588.75,00AAFF
05071,Tornado,2040985.93,4F666A
05073,Flooding,46400.0,00AAFF
05075,none,0.0,FFFFFF
05077,none,0.0,FFFFFF
05079,Flooding,68932.5,00AAFF
05081,Flooding,35000.0,00AAFF
05083,Tornado,4578292.08,4F666A
05085,Flooding,28601611.41,00AAFF
05087,Flooding,20000.0,00AAFF
05089,Flooding,40000.0,00AAFF
05091,none,0.0,FFFFFF
05093,none,0.0,FFFFFF
05095,Flooding,44669531.07,00AAFF
05097,Tornado,40000.0,4F666A
05099,Tornado,1636042.8,4F666A
05101,Flooding,40000.0,00AAFF
05103,Tornado,1636042.8,4F666A
05105,Hostile action,40000.0,FFFFFF
05107,none,0.0,FFFFFF
05109,Tornado,1797414.08,4F666A
05111,none,0.0,FFFFFF
05113,none,0.0,FFFFFF
05115,none,0.0,FFFFFF
05117,Tornado,4492432.0,4F666A
05119,Flooding,83451011.53999999,00AAFF
05121,Winter storm,15000.0,A0E6FF
05123,Tornado,11139282.0,4F666A
05125,Flooding,5729777.26,00AAFF
05127,none,0.0,FFFFFF
05129,none,0.0,FFFFFF
05131,Flooding,3011110.0,00AAFF
05133,Flooding,48700.0,00AAFF
05135,Tornado,1612180.5,4F666A
05137,Tornado,1407524.0,4F666A
05139,Flooding,497268.0,00AAFF
05141,Tornado,40000.0,4F666A
05143,none,0.0,FFFFFF
05145,Flooding,5322136.0,00AAFF
05147,Tornado,11139282.0,4F666A
05149,Tornado,10266938.51,4F666A
06001,Flooding,66569344.59,00AAFF
06003,none,0.0,FFFFFF
06005,none,0.0,FFFFFF
06007,Flooding,289452217.0,00AAFF
06009,none,0.0,FFFFFF
06011,Flooding,50562250.16,00AAFF
06013,Severe storm,3276578.68,FFFF00
06015,Severe storm,293958.5,FFFF00
06017,Fire,26953213.75,FF1919
06019,none,0.0,FFFFFF
06021,none,0.0,FFFFFF
06023,Flooding,5638113.6,00AAFF
06025,Severe storm,1465623.97,FFFF00
06027,none,0.0,FFFFFF
06029,Drought,74888039.53,CC5500
06031,none,0.0,FFFFFF
06033,Fire,491732.0,FF1919
06035,none,0.0,FFFFFF
06037,Drought,335323075.0,CC5500
06039,Fire,105296.0,FF1919
06041,Flooding,56097345.339999996,00AAFF
06043,none,0.0,FFFFFF
06045,Landslide/Debris flow,6043340.5,644117
06047,none,0.0,FFFFFF
06049,none,0.0,FFFFFF
06051,none,0.0,FFFFFF
06055,Fire,9910162.5,FF1919
06057,Fire,1486380.3,FF1919
06059,Fire,60000000.0,FF1919
06061,Fire,2522060.3,FF1919
06063,Infrastructure failure,499950.0,884DFF
06065,Drought,84779934.4,CC5500
06067,Earthquake,138054889.06,FFFFFF
06069,none,0.0,FFFFFF
06071,Drought,188316312.0,CC5500
06073,Flooding,100801024.34,00AAFF
06075,Severe storm,121869660.28,FFFF00
06077,Drought,91018239.0,CC5500
06079,Dam/Levee break,1462759.0,00AAFF
06081,Flooding,98835774.3,00AAFF
06083,none,0.0,FFFFFF
06085,Flooding,384191170.0,00AAFF
06087,Flooding,16148427.05,00AAFF
06089,none,0.0,FFFFFF
06091,none,0.0,FFFFFF
06093,Fire,1154123.22,FF1919
06095,none,0.0,FFFFFF
06097,Fire,7888122.32,FF1919
06099,Drought,91018239.0,CC5500
06101,Flooding,50562250.16,00AAFF
06103,Infrastructure failure,12668654.95,884DFF
06105,none,0.0,FFFFFF
06107,Drought,23141460.0,CC5500
06109,none,0.0,FFFFFF
06111,Dam/Levee break,51840678.0,00AAFF
06113,Flooding,50735250.16,00AAFF
06115,Flooding,289452217.0,00AAFF
08001,Flooding,55300.0,00AAFF
08003,Extreme temperature,630000.0,CC5500
08005,Flooding,41125485.0,00AAFF
08007,Fire,40000.0,FF1919
08009,none,0.0,FFFFFF
08011,none,0.0,FFFFFF
08013,Flooding,64218156.0,00AAFF
08014,Flooding,33782738.0,00AAFF
08015,none,0.0,FFFFFF
08017,none,0.0,FFFFFF
08019,none,0.0,FFFFFF
08021,Extreme temperature,630000.0,CC5500
08023,none,0.0,FFFFFF
08025,none,0.0,FFFFFF
08027,none,0.0,FFFFFF
08029,none,0.0,FFFFFF
08031,Flooding,52961951.0,00AAFF
08033,none,0.0,FFFFFF
08035,none,0.0,FFFFFF
08037,Flooding,6338052.0,00AAFF
08039,none,0.0,FFFFFF
08041,Infrastructure failure,28924250.0,884DFF
08043,none,0.0,FFFFFF
08045,Fire,51581134.2,FF1919
08047,none,0.0,FFFFFF
08049,none,0.0,FFFFFF
08051,none,0.0,FFFFFF
08053,Flooding,7183184.0,00AAFF
08055,Fire,601755.0,FF1919
08057,none,0.0,FFFFFF
08059,Fire,14349317.129999999,FF1919
08061,none,0.0,FFFFFF
08063,none,0.0,FFFFFF
08065,none,0.0,FFFFFF
08067,Fire,40000.0,FF1919
08069,Winter storm,5055298.0,A0E6FF
08071,Fire,601755.0,FF1919
08073,none,0.0,FFFFFF
08075,none,0.0,FFFFFF
08077,none,0.0,FFFFFF
08079,Flooding,7183184.0,00AAFF
08081,none,0.0,FFFFFF
08083,none,0.0,FFFFFF
08085,Drought,80000000.0,CC5500
08087,none,0.0,FFFFFF
08089,none,0.0,FFFFFF
08091,none,0.0,FFFFFF
08093,none,0.0,FFFFFF
08095,none,0.0,FFFFFF
08097,none,0.0,FFFFFF
08099,none,0.0,FFFFFF
08101,Fire,56024.0,FF1919
08103,none,0.0,FFFFFF
08105,Extreme temperature,630000.0,CC5500
08107,Fire,75000.0,FF1919
08109,Fire,139319.25,FF1919
08111,none,0.0,FFFFFF
08113,none,0.0,FFFFFF
08115,none,0.0,FFFFFF
08117,none,0.0,FFFFFF
08119,none,0.0,FFFFFF
08121,none,0.0,FFFFFF
08123,Flooding,63932073.86,00AAFF
08125,none,0.0,FFFFFF
09001,Flooding,31033252.04,00AAFF
09003,Flooding,99827530.95,00AAFF
09005,Severe storm,951277.19,FFFF00
09007,Winter storm,311740.0,A0E6FF
09009,Infrastructure failure,123034423.75,884DFF
09011,Flooding,2080751.0,00AAFF
09013,Severe storm,11636767.0,FFFF00
09015,Infrastructure failure,8889241.0,884DFF
10001,Flooding,14683084.75,00AAFF
10003,Flooding,15496627.25,00AAFF
10005,Flooding,3384229.0500000003,00AAFF
11001,Flooding,59314055.3,00AAFF
12001,Severe storm,10000580.0,FFFF00
12003,none,0.0,FFFFFF
12005,Tropical cyclone (Hurricane/Typhoon),20800188.23,00AAFF
12007,Infrastructure failure,7173122.25,884DFF
12009,none,0.0,FFFFFF
12011,Severe storm,63693880.66,FFFF00
12013,none,0.0,FFFFFF
12015,Tropical cyclone (Hurricane/Typhoon),2950341.0,00AAFF
12017,none,0.0,FFFFFF
12019,none,0.0,FFFFFF
12021,none,0.0,FFFFFF
12023,none,0.0,FFFFFF
12027,none,0.0,FFFFFF
12029,none,0.0,FFFFFF
12031,Flooding,23838779.14,00AAFF
12033,Flooding,4622283.0,00AAFF
12035,Flooding,2251751.0,00AAFF
12037,Tropical cyclone (Hurricane/Typhoon),1305404.52,00AAFF
12039,none,0.0,FFFFFF
12041,none,0.0,FFFFFF
12043,none,0.0,FFFFFF
12045,none,0.0,FFFFFF
12047,none,0.0,FFFFFF
12049,none,0.0,FFFFFF
12051,none,0.0,FFFFFF
12053,none,0.0,FFFFFF
12055,none,0.0,FFFFFF
12057,Infrastructure failure,3580503.84,884DFF
12059,none,0.0,FFFFFF
12061,none,0.0,FFFFFF
12063,none,0.0,FFFFFF
12065,Infrastructure failure,41696.18,884DFF
12067,none,0.0,FFFFFF
12069,Infrastructure failure,3785691.84,884DFF
12071,none,0.0,FFFFFF
12073,Extreme temperature,3537105.0,CC5500
12075,none,0.0,FFFFFF
12077,none,0.0,FFFFFF
12079,none,0.0,FFFFFF
12081,Infrastructure failure,663965.14,884DFF
12083,Infrastructure failure,4900747.44,884DFF
12085,none,0.0,FFFFFF
12086,Flooding,95032732.39,00AAFF
12087,Flooding,42357842.25,00AAFF
12089,none,0.0,FFFFFF
12091,none,0.0,FFFFFF
12093,none,0.0,FFFFFF
12095,Flooding,8229819.75,00AAFF
12097,Drought,97020000.0,CC5500
12099,Flooding,135677499.4,00AAFF
12101,Infrastructure failure,57015784.96,884DFF
12103,Flooding,11536407.29,00AAFF
12105,none,0.0,FFFFFF
12107,none,0.0,FFFFFF
12109,Flooding,22178460.720000003,00AAFF
12111,Flooding,8536677.05,00AAFF
12113,Flooding,8001858.61,00AAFF
12115,Flooding,1149791.54,00AAFF
12117,Flooding,1508039.01,00AAFF
12119,Tropical cyclone (Hurricane/Typhoon),3262593.82,00AAFF
12121,none,0.0,FFFFFF
12123,none,0.0,FFFFFF
12125,Infrastructure failure,7173122.25,884DFF
12127,Flooding,6248418.76,00AAFF
12129,none,0.0,FFFFFF
12131,none,0.0,FFFFFF
12133,none,0.0,FFFFFF
13001,none,0.0,FFFFFF
13003,none,0.0,FFFFFF
13005,none,0.0,FFFFFF
13007,Flooding,676785.0,00AAFF
13009,Infrastructure failure,748640.0,884DFF
13011,none,0.0,FFFFFF
13013,none,0.0,FFFFFF
13015,Winter storm,1584229.57,A0E6FF
13017,none,0.0,FFFFFF
13019,none,0.0,FFFFFF
13021,Flooding,71681.4,00AAFF
13023,none,0.0,FFFFFF
13025,none,0.0,FFFFFF
13027,none,0.0,FFFFFF
13029,Flooding,355000.0,00AAFF
13031,Flooding,355000.0,00AAFF
13033,none,0.0,FFFFFF
13035,Flooding,35911.05,00AAFF
13037,none,0.0,FFFFFF
13039,Flooding,12187708.0,00AAFF
13043,none,0.0,FFFFFF
13045,none,0.0,FFFFFF
13047,none,0.0,FFFFFF
13049,none,0.0,FFFFFF
13051,Flooding,62321731.4,00AAFF
13053,none,0.0,FFFFFF
13055,Flooding,88318.05,00AAFF
13057,Winter storm,1584229.57,A0E6FF
13059,Flooding,547518.0,00AAFF
13061,none,0.0,FFFFFF
13063,Flooding,23436324.15,00AAFF
13065,none,0.0,FFFFFF
13067,Severe storm,8806073.4,FFFF00
13069,none,0.0,FFFFFF
13071,none,0.0,FFFFFF
13073,Infrastructure failure,67048944.0,884DFF
13075,none,0.0,FFFFFF
13077,Flooding,42000.0,00AAFF
13079,Flooding,3639300.0,00AAFF
13081,Severe storm,230000.0,FFFF00
13083,Flooding,35911.05,00AAFF
13085,Flooding,31500.0,00AAFF
13087,Flooding,3867259.23,00AAFF
13089,Flooding,63039545.12,00AAFF
13091,none,0.0,FFFFFF
13093,Severe storm,230000.0,FFFF00
13095,Tornado,559112.96,4F666A
13097,none,0.0,FFFFFF
13099,Flooding,676785.0,00AAFF
13101,Flooding,27300.0,00AAFF
13103,Flooding,1165710.0,00AAFF
13105,none,0.0,FFFFFF
13107,none,0.0,FFFFFF
13109,none,0.0,FFFFFF
13111,none,0.0,FFFFFF
13113,none,0.0,FFFFFF
13115,Severe storm,1589300.52,FFFF00
13117,Flooding,31500.0,00AAFF
13119,none,0.0,FFFFFF
13121,Flooding,1004400.6,00AAFF
13123,Flooding,60900.0,00AAFF
13125,none,0.0,FFFFFF
13127,Flooding,156900.0,00AAFF
13129,Severe storm,842500.52,FFFF00
13131,none,0.0,FFFFFF
13133,Flooding,35700.0,00AAFF
13135,Flooding,88318.05,00AAFF
13137,Flooding,105314.48,00AAFF
13139,none,0.0,FFFFFF
13141,Flooding,21000.0,00AAFF
13143,none,0.0,FFFFFF
13145,none,0.0,FFFFFF
13147,Severe storm,493500.0,FFFF00
13149,Flooding,42000.0,00AAFF
13151,Flooding,23436324.15,00AAFF
13153,Flooding,3639300.0,00AAFF
13155,none,0.0,FFFFFF
13157,none,0.0,FFFFFF
13159,Flooding,30000.0,00AAFF
13161,none,0.0,FFFFFF
13163,none,0.0,FFFFFF
13165,none,0.0,FFFFFF
13167,Flooding,3440282.0,00AAFF
13169,Infrastructure failure,748640.0,884DFF
13171,none,0.0,FFFFFF
13173,none,0.0,FFFFFF
13175,none,0.0,FFFFFF
13177,Tornado,559112.96,4F666A
13179,none,0.0,FFFFFF
13181,none,0.0,FFFFFF
13183,none,0.0,FFFFFF
13185,Infrastructure failure,264350.0,884DFF
13187,Flooding,31500.0,00AAFF
13189,none,0.0,FFFFFF
13191,Flooding,35700.0,00AAFF
13193,none,0.0,FFFFFF
13195,none,0.0,FFFFFF
13197,none,0.0,FFFFFF
13199,Flooding,670680.0,00AAFF
13201,Flooding,676785.0,00AAFF
13205,Flooding,3190474.23,00AAFF
13207,none,0.0,FFFFFF
13209,none,0.0,FFFFFF
13211,none,0.0,FFFFFF
13213,Flooding,29400.0,00AAFF
13215,none,0.0,FFFFFF
13217,none,0.0,FFFFFF
13219,none,0.0,FFFFFF
13221,none,0.0,FFFFFF
13223,Winter storm,1584229.57,A0E6FF
13225,Flooding,3639300.0,00AAFF
13227,Flooding,60900.0,00AAFF
13229,none,0.0,FFFFFF
13231,none,0.0,FFFFFF
13233,Severe storm,746800.0,FFFF00
13235,none,0.0,FFFFFF
13237,Flooding,30000.0,00AAFF
13239,none,0.0,FFFFFF
13241,Flooding,105314.48,00AAFF
13243,none,0.0,FFFFFF
13245,none,0.0,FFFFFF
13247,none,0.0,FFFFFF
13249,none,0.0,FFFFFF
13251,none,0.0,FFFFFF
13253,none,0.0,FFFFFF
13255,Flooding,35911.05,00AAFF
13257,none,0.0,FFFFFF
13259,none,0.0,FFFFFF
13261,none,0.0,FFFFFF
13263,Flooding,670680.0,00AAFF
13265,none,0.0,FFFFFF
13267,none,0.0,FFFFFF
13269,Flooding,23100.0,00AAFF
13271,none,0.0,FFFFFF
13273,none,0.0,FFFFFF
13275,Flooding,235500.0,00AAFF
13277,none,0.0,FFFFFF
13279,none,0.0,FFFFFF
13281,none,0.0,FFFFFF
13283,none,0.0,FFFFFF
13285,none,0.0,FFFFFF
13287,none,0.0,FFFFFF
13289,Infrastructure failure,748640.0,884DFF
13291,none,0.0,FFFFFF
13293,Flooding,924750.0,00AAFF
13295,Flooding,124229.1,00AAFF
13297,none,0.0,FFFFFF
13299,none,0.0,FFFFFF
13301,none,0.0,FFFFFF
13303,Flooding,3461282.0,00AAFF
13305,none,0.0,FFFFFF
13307,none,0.0,FFFFFF
13309,none,0.0,FFFFFF
13311,Flooding,105314.48,00AAFF
13313,none,0.0,FFFFFF
13315,Infrastructure failure,140522.0,884DFF
13317,Severe storm,199760.0,FFFF00
13319,Infrastructure failure,748640.0,884DFF
13321,Tornado,559112.96,4F666A
15001,none,0.0,FFFFFF
15003,Tropical cyclone (Hurricane/Typhoon),140609742.7,00AAFF
15005,none,0.0,FFFFFF
15007,Flooding,24780000.0,00AAFF
15009,Severe storm,27350827.0,FFFF00
16001,Flooding,10484262.91,00AAFF
16003,none,0.0,FFFFFF
16005,Fire,141111.6,FF1919
16007,none,0.0,FFFFFF
16009,none,0.0,FFFFFF
16011,Severe storm,1679415.0,FFFF00
16013,none,0.0,FFFFFF
16015,Fire,2666666.67,FF1919
16017,none,0.0,FFFFFF
16019,Severe storm,1648515.0,FFFF00
16021,none,0.0,FFFFFF
16023,Fire,72200.18,FF1919
16025,none,0.0,FFFFFF
16027,Infrastructure failure,1235537.0,884DFF
16029,none,0.0,FFFFFF
16031,Infrastructure failure,100000.0,884DFF
16033,none,0.0,FFFFFF
16035,none,0.0,FFFFFF
16037,Dam/Levee break,15739680.0,00AAFF
16039,Fire,281944.45,FF1919
16041,none,0.0,FFFFFF
16043,Infrastructure failure,180000.0,884DFF
16045,Flooding,6321949.91,00AAFF
16047,Flooding,0.0,00AAFF
16049,Fire,1877848.1600000001,FF1919
16051,Severe storm,1648515.0,FFFF00
16053,none,0.0,FFFFFF
16055,Severe storm,40077929.81,FFFF00
16057,Fire,80000.0,FF1919
16059,Dam/Levee break,15739680.0,00AAFF
16061,Fire,1877848.1600000001,FF1919
16063,Flooding,0.0,00AAFF
16065,Flooding,3667373.55,00AAFF
16067,Infrastructure failure,100000.0,884DFF
16069,Flooding,5284330.0,00AAFF
16071,none,0.0,FFFFFF
16073,none,0.0,FFFFFF
16075,none,0.0,FFFFFF
16077,Severe storm,30900.0,FFFF00
16079,none,0.0,FFFFFF
16081,Flooding,3667373.55,00AAFF
16083,none,0.0,FFFFFF
16085,Flooding,600000.0,00AAFF
16087,Flooding,93750.0,00AAFF
17001,none,0.0,FFFFFF
17003,none,0.0,FFFFFF
17005,none,0.0,FFFFFF
17007,none,0.0,FFFFFF
17009,none,0.0,FFFFFF
17011,Infrastructure failure,25560233.0,884DFF
17013,Flooding,581192.8,00AAFF
17015,Severe storm,123304.8,FFFF00
17017,Tornado,52222.0,4F666A
17019,Severe storm,65190.4,FFFF00
17021,none,0.0,FFFFFF
17023,none,0.0,FFFFFF
17025,none,0.0,FFFFFF
17027,none,0.0,FFFFFF
17029,Flooding,6030900.0,00AAFF
17031,Flooding,857483702.07,00AAFF
17033,none,0.0,FFFFFF
17035,Flooding,6030900.0,00AAFF
17037,Infrastructure failure,51984.0,884DFF
17039,none,0.0,FFFFFF
17041,none,0.0,FFFFFF
17043,Flooding,37878406.45,00AAFF
17045,Infrastructure failure,20000.0,884DFF
17047,none,0.0,FFFFFF
17049,none,0.0,FFFFFF
17051,none,0.0,FFFFFF
17053,none,0.0,FFFFFF
17055,none,0.0,FFFFFF
17057,none,0.0,FFFFFF
17059,none,0.0,FFFFFF
17061,none,0.0,FFFFFF
17063,Infrastructure failure,443750.0,884DFF
17065,none,0.0,FFFFFF
17067,none,0.0,FFFFFF
17069,none,0.0,FFFFFF
17071,none,0.0,FFFFFF
17073,none,0.0,FFFFFF
17075,Tornado,35765198.0,4F666A
17077,Flooding,3422739.0,00AAFF
17079,none,0.0,FFFFFF
17081,none,0.0,FFFFFF
17083,Flooding,611312.82,00AAFF
17085,Tornado,7878831.1,4F666A
17087,none,0.0,FFFFFF
17089,Flooding,1084000.0,00AAFF
17091,none,0.0,FFFFFF
17093,none,0.0,FFFFFF
17095,none,0.0,FFFFFF
17097,Flooding,4714676.36,00AAFF
17099,Flooding,20869681.96,00AAFF
17101,none,0.0,FFFFFF
17103,Flooding,3528920.0,00AAFF
17105,Flooding,50632.22,00AAFF
17107,none,0.0,FFFFFF
17109,Severe storm,106630.0,FFFF00
17111,Flooding,6756255.17,00AAFF
17113,Flooding,3663457.0,00AAFF
17115,Severe storm,54451.0,FFFF00
17117,Flooding,250000.0,00AAFF
17119,Flooding,22147799.89,00AAFF
17121,none,0.0,FFFFFF
17123,none,0.0,FFFFFF
17125,none,0.0,FFFFFF
17127,none,0.0,FFFFFF
17129,Tornado,52222.0,4F666A
17131,none,0.0,FFFFFF
17133,none,0.0,FFFFFF
17135,Flooding,250000.0,00AAFF
17137,Severe storm,83970.07,FFFF00
17139,none,0.0,FFFFFF
17141,Flooding,580760.88,00AAFF
17143,Flooding,20782637.63,00AAFF
17145,none,0.0,FFFFFF
17147,Severe storm,462054.0,FFFF00
17149,none,0.0,FFFFFF
17151,none,0.0,FFFFFF
17153,none,0.0,FFFFFF
17155,none,0.0,FFFFFF
17157,none,0.0,FFFFFF
17159,none,0.0,FFFFFF
17161,Flooding,13087665.4,00AAFF
17163,Infrastructure failure,22911859.2,884DFF
17165,none,0.0,FFFFFF
17167,Severe storm,1648843.45,FFFF00
17169,Severe storm,61327.4,FFFF00
17171,Severe storm,83970.07,FFFF00
17173,none,0.0,FFFFFF
17175,none,0.0,FFFFFF
17177,Flooding,3439555.0,00AAFF
17179,Flooding,2147444.12,00AAFF
17181,none,0.0,FFFFFF
17183,none,0.0,FFFFFF
17185,none,0.0,FFFFFF
17187,Severe storm,100000.0,FFFF00
17189,none,0.0,FFFFFF
17191,none,0.0,FFFFFF
17193,none,0.0,FFFFFF
17195,none,0.0,FFFFFF
17197,Infrastructure failure,4683410.22,884DFF
17199,none,0.0,FFFFFF
17201,Flooding,18754220.95,00AAFF
17203,Flooding,2147444.12,00AAFF
18001,none,0.0,FFFFFF
18003,Flooding,22554053.02,00AAFF
18005,Flooding,5500000.0,00AAFF
18007,none,0.0,FFFFFF
18009,Flooding,85000.0,00AAFF
18011,Landslide/Debris flow,1214785.0,644117
18013,Flooding,5500000.0,00AAFF
18015,none,0.0,FFFFFF
18017,none,0.0,FFFFFF
18019,Tornado,6751664.0,4F666A
18021,none,0.0,FFFFFF
18023,none,0.0,FFFFFF
18025,Tornado,8227081.85,4F666A
18027,none,0.0,FFFFFF
18029,none,0.0,FFFFFF
18031,Flooding,1406000.0,00AAFF
18033,none,0.0,FFFFFF
18035,none,0.0,FFFFFF
18037,none,0.0,FFFFFF
18039,none,0.0,FFFFFF
18041,Severe storm,45440.34,FFFF00
18043,Tornado,6751664.0,4F666A
18045,Landslide/Debris flow,1214785.0,644117
18047,Flooding,1406000.0,00AAFF
18049,none,0.0,FFFFFF
18051,none,0.0,FFFFFF
18053,none,0.0,FFFFFF
18055,none,0.0,FFFFFF
18057,none,0.0,FFFFFF
18059,none,0.0,FFFFFF
18061,none,0.0,FFFFFF
18063,none,0.0,FFFFFF
18065,none,0.0,FFFFFF
18067,none,0.0,FFFFFF
18069,none,0.0,FFFFFF
18071,none,0.0,FFFFFF
18073,none,0.0,FFFFFF
18075,Flooding,85000.0,00AAFF
18077,none,0.0,FFFFFF
18079,none,0.0,FFFFFF
18081,none,0.0,FFFFFF
18083,none,0.0,FFFFFF
18085,none,0.0,FFFFFF
18087,none,0.0,FFFFFF
18089,none,0.0,FFFFFF
18091,none,0.0,FFFFFF
18093,none,0.0,FFFFFF
18095,none,0.0,FFFFFF
18097,Flooding,173052370.43,00AAFF
18099,none,0.0,FFFFFF
18101,none,0.0,FFFFFF
18103,none,0.0,FFFFFF
18105,Flooding,5500000.0,00AAFF
18107,Landslide/Debris flow,1214785.0,644117
18109,none,0.0,FFFFFF
18111,none,0.0,FFFFFF
18113,none,0.0,FFFFFF
18115,none,0.0,FFFFFF
18117,Tornado,8227081.85,4F666A
18119,none,0.0,FFFFFF
18121,none,0.0,FFFFFF
18123,Tornado,368866.85,4F666A
18125,none,0.0,FFFFFF
18127,Flooding,312500.0,00AAFF
18129,none,0.0,FFFFFF
18131,none,0.0,FFFFFF
18133,none,0.0,FFFFFF
18135,none,0.0,FFFFFF
18137,none,0.0,FFFFFF
18139,Flooding,1406000.0,00AAFF
18141,none,0.0,FFFFFF
18143,none,0.0,FFFFFF
18145,none,0.0,FFFFFF
18147,none,0.0,FFFFFF
18149,none,0.0,FFFFFF
18151,Flooding,133753.16,00AAFF
18153,none,0.0,FFFFFF
18155,none,0.0,FFFFFF
18157,none,0.0,FFFFFF
18159,none,0.0,FFFFFF
18161,Severe storm,45440.34,FFFF00
18163,none,0.0,FFFFFF
18165,none,0.0,FFFFFF
18167,none,0.0,FFFFFF
18169,none,0.0,FFFFFF
18171,none,0.0,FFFFFF
18173,none,0.0,FFFFFF
18175,none,0.0,FFFFFF
18177,Severe storm,45440.34,FFFF00
18179,Flooding,85000.0,00AAFF
18181,none,0.0,FFFFFF
18183,none,0.0,FFFFFF
19001,Severe storm,70000.0,FFFF00
19003,Severe storm,70000.0,FFFF00
19005,Flooding,335000.0,00AAFF
19007,none,0.0,FFFFFF
19009,none,0.0,FFFFFF
19011,Flooding,1416792.9,00AAFF
19013,Flooding,272386.05,00AAFF
19015,none,0.0,FFFFFF
19017,Flooding,272386.05,00AAFF
19019,Flooding,99750.0,00AAFF
19021,Drought,128503780.0,CC5500
19023,Flooding,272386.05,00AAFF
19025,none,0.0,FFFFFF
19027,none,0.0,FFFFFF
19029,none,0.0,FFFFFF
19031,Severe storm,49352.94,FFFF00
19033,none,0.0,FFFFFF
19035,Severe storm,2841650.0,FFFF00
19037,none,0.0,FFFFFF
19039,Severe storm,63327.0,FFFF00
19041,Flooding,100000.0,00AAFF
19043,none,0.0,FFFFFF
19045,none,0.0,FFFFFF
19047,Severe storm,14023324.0,FFFF00
19049,Flooding,17817768.009999998,00AAFF
19051,none,0.0,FFFFFF
19053,none,0.0,FFFFFF
19055,Flooding,500000.0,00AAFF
19057,Flooding,237950.0,00AAFF
19059,none,0.0,FFFFFF
19061,Flooding,500000.0,00AAFF
19063,none,0.0,FFFFFF
19065,Flooding,99750.0,00AAFF
19067,none,0.0,FFFFFF
19069,none,0.0,FFFFFF
19071,none,0.0,FFFFFF
19073,none,0.0,FFFFFF
19075,Flooding,272386.05,00AAFF
19077,Severe storm,393202.0,FFFF00
19079,none,0.0,FFFFFF
19081,none,0.0,FFFFFF
19083,none,0.0,FFFFFF
19085,none,0.0,FFFFFF
19087,none,0.0,FFFFFF
19089,none,0.0,FFFFFF
19091,none,0.0,FFFFFF
19093,none,0.0,FFFFFF
19095,Flooding,1370654.9,00AAFF
19097,none,0.0,FFFFFF
19099,none,0.0,FFFFFF
19101,none,0.0,FFFFFF
19103,Severe storm,580000.0,FFFF00
19105,Severe storm,24612.0,FFFF00
19107,none,0.0,FFFFFF
19109,none,0.0,FFFFFF
19111,none,0.0,FFFFFF
19113,Flooding,21214210.04,00AAFF
19115,Severe storm,35714.0,FFFF00
19117,none,0.0,FFFFFF
19119,none,0.0,FFFFFF
19121,Severe storm,133327.0,FFFF00
19123,none,0.0,FFFFFF
19125,none,0.0,FFFFFF
19127,none,0.0,FFFFFF
19129,none,0.0,FFFFFF
19131,none,0.0,FFFFFF
19133,none,0.0,FFFFFF
19135,none,0.0,FFFFFF
19137,none,0.0,FFFFFF
19139,none,0.0,FFFFFF
19141,Flooding,100000.0,00AAFF
19143,Flooding,100000.0,00AAFF
19145,none,0.0,FFFFFF
19147,Severe storm,41950.0,FFFF00
19151,none,0.0,FFFFFF
19153,Flooding,19474081.61,00AAFF
19155,none,0.0,FFFFFF
19157,Flooding,181139.0,00AAFF
19159,Tornado,36000.0,4F666A
19161,Drought,128503780.0,CC5500
19163,Infrastructure failure,39010000.0,884DFF
19165,none,0.0,FFFFFF
19169,Severe storm,938428.88,FFFF00
19171,Flooding,181139.0,00AAFF
19173,none,0.0,FFFFFF
19175,Severe storm,133327.0,FFFF00
19177,none,0.0,FFFFFF
19179,none,0.0,FFFFFF
19181,none,0.0,FFFFFF
19183,Flooding,524404.0,00AAFF
19185,none,0.0,FFFFFF
19187,none,0.0,FFFFFF
19189,none,0.0,FFFFFF
19191,Flooding,335000.0,00AAFF
19193,Flooding,67000.0,00AAFF
19195,none,0.0,FFFFFF
19197,Severe storm,1790500.0,FFFF00
20001,none,0.0,FFFFFF
20003,none,0.0,FFFFFF
20005,Flooding,640500.0,00AAFF
20007,none,0.0,FFFFFF
20009,Severe storm,2855509.53,FFFF00
20011,none,0.0,FFFFFF
20013,Infrastructure failure,306800.0,884DFF
20015,Severe storm,2322729.75,FFFF00
20017,none,0.0,FFFFFF
20019,none,0.0,FFFFFF
20021,none,0.0,FFFFFF
20023,none,0.0,FFFFFF
20025,none,0.0,FFFFFF
20027,none,0.0,FFFFFF
20029,Severe storm,794425.0,FFFF00
20031,none,0.0,FFFFFF
20033,none,0.0,FFFFFF
20035,Flooding,3080124.0,00AAFF
20037,none,0.0,FFFFFF
20039,none,0.0,FFFFFF
20041,Severe storm,148000.0,FFFF00
20043,Flooding,640500.0,00AAFF
20045,none,0.0,FFFFFF
20047,none,0.0,FFFFFF
20049,none,0.0,FFFFFF
20051,Drought,134000000.0,CC5500
20053,none,0.0,FFFFFF
20055,none,0.0,FFFFFF
20057,none,0.0,FFFFFF
20059,none,0.0,FFFFFF
20061,Flooding,452196.0,00AAFF
20063,none,0.0,FFFFFF
20065,none,0.0,FFFFFF
20067,none,0.0,FFFFFF
20069,none,0.0,FFFFFF
20071,none,0.0,FFFFFF
20073,none,0.0,FFFFFF
20075,none,0.0,FFFFFF
20077,none,0.0,FFFFFF
20079,none,0.0,FFFFFF
20081,none,0.0,FFFFFF
20083,none,0.0,FFFFFF
20085,Tornado,1465584.0,4F666A
20087,Flooding,1319045.0,00AAFF
20089,none,0.0,FFFFFF
20091,none,0.0,FFFFFF
20093,none,0.0,FFFFFF
20095,none,0.0,FFFFFF
20097,none,0.0,FFFFFF
20099,Drought,5040234.0,CC5500
20101,none,0.0,FFFFFF
20103,Infrastructure failure,40000000.0,884DFF
20105,none,0.0,FFFFFF
20107,none,0.0,FFFFFF
20109,none,0.0,FFFFFF
20111,none,0.0,FFFFFF
20113,none,0.0,FFFFFF
20115,Tornado,1229133.0,4F666A
20117,none,0.0,FFFFFF
20119,none,0.0,FFFFFF
20121,none,0.0,FFFFFF
20123,none,0.0,FFFFFF
20125,none,0.0,FFFFFF
20127,Tornado,1229133.0,4F666A
20129,none,0.0,FFFFFF
20131,none,0.0,FFFFFF
20133,Drought,5040234.0,CC5500
20135,none,0.0,FFFFFF
20137,none,0.0,FFFFFF
20139,Tornado,160000.0,4F666A
20141,none,0.0,FFFFFF
20143,none,0.0,FFFFFF
20145,none,0.0,FFFFFF
20147,none,0.0,FFFFFF
20149,Flooding,452196.0,00AAFF
20151,none,0.0,FFFFFF
20153,none,0.0,FFFFFF
20155,none,0.0,FFFFFF
20157,Severe storm,794425.0,FFFF00
20159,none,0.0,FFFFFF
20161,Flooding,452196.0,00AAFF
20163,none,0.0,FFFFFF
20165,none,0.0,FFFFFF
20167,Severe storm,2855509.53,FFFF00
20169,none,0.0,FFFFFF
20171,none,0.0,FFFFFF
20173,Flooding,86817624.0,00AAFF
20175,none,0.0,FFFFFF
20179,none,0.0,FFFFFF
20181,none,0.0,FFFFFF
20183,none,0.0,FFFFFF
20185,none,0.0,FFFFFF
20187,none,0.0,FFFFFF
20189,none,0.0,FFFFFF
20191,Flooding,3080124.0,00AAFF
20193,none,0.0,FFFFFF
20195,none,0.0,FFFFFF
20197,Tornado,160000.0,4F666A
20199,none,0.0,FFFFFF
20201,none,0.0,FFFFFF
20203,none,0.0,FFFFFF
20205,Tornado,2000000.0,4F666A
20207,none,0.0,FFFFFF
20209,Infrastructure failure,40000000.0,884DFF
21001,none,0.0,FFFFFF
21003,none,0.0,FFFFFF
21005,Flooding,13372118.53,00AAFF
21007,none,0.0,FFFFFF
21009,none,0.0,FFFFFF
21011,Flooding,6337000.0,00AAFF
21013,none,0.0,FFFFFF
21015,none,0.0,FFFFFF
21017,Flooding,395000.0,00AAFF
21019,Infrastructure failure,12867000.0,884DFF
21021,none,0.0,FFFFFF
21023,Infrastructure failure,7087437.5,884DFF
21025,none,0.0,FFFFFF
21027,none,0.0,FFFFFF
21029,Severe storm,247830.0,FFFF00
21031,none,0.0,FFFFFF
21033,none,0.0,FFFFFF
21035,none,0.0,FFFFFF
21037,none,0.0,FFFFFF
21039,none,0.0,FFFFFF
21041,none,0.0,FFFFFF
21043,Flooding,5817000.0,00AAFF
21045,none,0.0,FFFFFF
21047,none,0.0,FFFFFF
21049,Flooding,436850.0,00AAFF
21051,none,0.0,FFFFFF
21053,none,0.0,FFFFFF
21055,none,0.0,FFFFFF
21057,none,0.0,FFFFFF
21059,Landslide/Debris flow,25707000.0,644117
21061,none,0.0,FFFFFF
21063,Flooding,5817000.0,00AAFF
21065,Flooding,420000.0,00AAFF
21067,Flooding,591850.0,00AAFF
21069,Flooding,5817000.0,00AAFF
21071,Infrastructure failure,12867000.0,884DFF
21073,Flooding,13372118.53,00AAFF
21075,Flooding,136500.0,00AAFF
21077,none,0.0,FFFFFF
21079,none,0.0,FFFFFF
21081,none,0.0,FFFFFF
21083,Flooding,136500.0,00AAFF
21085,none,0.0,FFFFFF
21087,none,0.0,FFFFFF
21089,Flooding,8556500.0,00AAFF
21091,none,0.0,FFFFFF
21093,Flooding,100000.0,00AAFF
21095,none,0.0,FFFFFF
21097,Flooding,275000.0,00AAFF
21099,none,0.0,FFFFFF
21101,none,0.0,FFFFFF
21103,Flooding,17722427.38,00AAFF
21105,Flooding,136500.0,00AAFF
21107,none,0.0,FFFFFF
21109,none,0.0,FFFFFF
21111,Infrastructure failure,185766092.0,884DFF
21113,none,0.0,FFFFFF
21115,none,0.0,FFFFFF
21117,Dam/Levee break,400000.0,00AAFF
21119,none,0.0,FFFFFF
21121,none,0.0,FFFFFF
21123,none,0.0,FFFFFF
21125,none,0.0,FFFFFF
21127,Infrastructure failure,12867000.0,884DFF
21129,none,0.0,FFFFFF
21131,none,0.0,FFFFFF
21133,none,0.0,FFFFFF
21135,Winter storm,117500.0,A0E6FF
21137,none,0.0,FFFFFF
21139,Flooding,1569331.6,00AAFF
21141,none,0.0,FFFFFF
21143,none,0.0,FFFFFF
21145,none,0.0,FFFFFF
21147,none,0.0,FFFFFF
21149,none,0.0,FFFFFF
21151,none,0.0,FFFFFF
21153,none,0.0,FFFFFF
21155,none,0.0,FFFFFF
21157,none,0.0,FFFFFF
21159,Infrastructure failure,12867000.0,884DFF
21161,Flooding,300000.0,00AAFF
21163,none,0.0,FFFFFF
21165,Flooding,820000.0,00AAFF
21167,none,0.0,FFFFFF
21169,none,0.0,FFFFFF
21171,none,0.0,FFFFFF
21173,Flooding,711850.0,00AAFF
21175,none,0.0,FFFFFF
21177,none,0.0,FFFFFF
21179,none,0.0,FFFFFF
21181,Flooding,275000.0,00AAFF
21183,none,0.0,FFFFFF
21185,Flooding,4350308.85,00AAFF
21187,none,0.0,FFFFFF
21189,none,0.0,FFFFFF
21191,Infrastructure failure,7087437.5,884DFF
21193,none,0.0,FFFFFF
21195,Flooding,435830.0,00AAFF
21197,Flooding,420000.0,00AAFF
21199,Flooding,718042.0,00AAFF
21201,none,0.0,FFFFFF
21203,none,0.0,FFFFFF
21205,Flooding,6017000.0,00AAFF
21207,none,0.0,FFFFFF
21209,Flooding,275000.0,00AAFF
21211,Flooding,13372118.53,00AAFF
21213,none,0.0,FFFFFF
21215,none,0.0,FFFFFF
21217,none,0.0,FFFFFF
21219,none,0.0,FFFFFF
21221,none,0.0,FFFFFF
21223,none,0.0,FFFFFF
21225,none,0.0,FFFFFF
21227,none,0.0,FFFFFF
21229,none,0.0,FFFFFF
21231,none,0.0,FFFFFF
21233,none,0.0,FFFFFF
21235,none,0.0,FFFFFF
21237,none,0.0,FFFFFF
21239,Flooding,13372118.53,00AAFF
22001,Flooding,3742713.73,00AAFF
22003,Flooding,11001757.0,00AAFF
22005,Flooding,123440754.96,00AAFF
22007,Tropical cyclone (Hurricane/Typhoon),77810074.48,00AAFF
22009,Landslide/Debris flow,1000000.0,644117
22011,none,0.0,FFFFFF
22013,none,0.0,FFFFFF
22015,Flooding,7384094.0,00AAFF
22017,Flooding,284094.0,00AAFF
22019,Flooding,15415922.0,00AAFF
22021,none,0.0,FFFFFF
22023,Flooding,4854439.0,00AAFF
22025,none,0.0,FFFFFF
22027,none,0.0,FFFFFF
22029,Infrastructure failure,14361467.0,884DFF
22031,none,0.0,FFFFFF
22033,Flooding,507484160.34,00AAFF
22035,none,0.0,FFFFFF
22037,none,0.0,FFFFFF
22039,none,0.0,FFFFFF
22041,none,0.0,FFFFFF
22043,none,0.0,FFFFFF
22045,Flooding,7819105.08,00AAFF
22047,Flooding,4200000.0,00AAFF
22049,none,0.0,FFFFFF
22051,Flooding,296352488.85,00AAFF
22053,Flooding,11321324.0,00AAFF
22055,Flooding,36852852.41,00AAFF
22057,Tropical cyclone (Hurricane/Typhoon),81510027.14,00AAFF
22059,none,0.0,FFFFFF
22061,none,0.0,FFFFFF
22063,Flooding,94219868.86999999,00AAFF
22065,none,0.0,FFFFFF
22067,none,0.0,FFFFFF
22069,Severe storm,392797.15,FFFF00
22071,Infrastructure failure,281812176.0,884DFF
22073,none,0.0,FFFFFF
22075,Flooding,687592.0,00AAFF
22077,none,0.0,FFFFFF
22079,Flooding,4718364.69,00AAFF
22081,none,0.0,FFFFFF
22083,none,0.0,FFFFFF
22085,none,0.0,FFFFFF
22087,Tropical cyclone (Hurricane/Typhoon),19793231.0,00AAFF
22089,Flooding,71347229.93,00AAFF
22091,Flooding,13223685.1,00AAFF
22093,Flooding,119033171.94,00AAFF
22095,Flooding,57302181.0,00AAFF
22097,none,0.0,FFFFFF
22099,Flooding,7819105.08,00AAFF
22101,Flooding,1563837.54,00AAFF
22103,Severe storm,68304780.0,FFFF00
22105,Flooding,13223685.1,00AAFF
22107,none,0.0,FFFFFF
22109,Tropical cyclone (Hurricane/Typhoon),265153231.19,00AAFF
22111,none,0.0,FFFFFF
22113,Flooding,12762553.23,00AAFF
22115,none,0.0,FFFFFF
22117,Tropical cyclone (Hurricane/Typhoon),3296867.31,00AAFF
22119,none,0.0,FFFFFF
22121,none,0.0,FFFFFF
22123,none,0.0,FFFFFF
22125,Flooding,103885.3,00AAFF
22127,Severe storm,392797.15,FFFF00
23001,Flooding,100000.0,00AAFF
23003,Infrastructure failure,1092960.0,884DFF
23005,Severe storm,4556074.58,FFFF00
23007,Infrastructure failure,104000.0,884DFF
23009,Flooding,612017.21,00AAFF
23011,Severe storm,2160097.56,FFFF00
23013,Flooding,1902177.0,00AAFF
23015,Flooding,19347223.380000003,00AAFF
23017,Severe storm,115500.0,FFFF00
23019,none,0.0,FFFFFF
23021,Flooding,39900.0,00AAFF
23023,Infrastructure failure,7502775.0,884DFF
23025,Severe storm,2160097.56,FFFF00
23027,Flooding,131650.0,00AAFF
23029,Winter storm,175938.0,A0E6FF
23031,Flooding,54400000.0,00AAFF
24001,none,0.0,FFFFFF
24003,Flooding,21438139.12,00AAFF
24005,Infrastructure failure,31359916.0,884DFF
24009,Flooding,1552672.88,00AAFF
24011,none,0.0,FFFFFF
24015,Severe storm,10804374.0,FFFF00
24017,Flooding,65875.0,00AAFF
24019,Flooding,17842842.3,00AAFF
24021,Flooding,2009626.54,00AAFF
24023,Infrastructure failure,58420.0,884DFF
24025,Flooding,4147814.0,00AAFF
24027,Infrastructure failure,31359916.0,884DFF
24029,Infrastructure failure,2427626.76,884DFF
24031,Flooding,4226900.1,00AAFF
24033,Flooding,907078.11,00AAFF
24035,Infrastructure failure,2427626.76,884DFF
24037,Flooding,1119346.5,00AAFF
24039,Flooding,41213056.85,00AAFF
24041,Flooding,4432405.0,00AAFF
24043,Infrastructure failure,1390000.0,884DFF
24045,none,0.0,FFFFFF
24047,Flooding,3285222.0,00AAFF
24510,Flooding,15432850.530000001,00AAFF
25001,Flooding,6855065.0,00AAFF
25003,Severe storm,2358930.0,FFFF00
25005,Flooding,64093802.620000005,00AAFF
25007,Flooding,205000.0,00AAFF
25009,Flooding,70031553.35,00AAFF
25011,Flooding,10102382.39,00AAFF
25013,Flooding,19404897.48,00AAFF
25015,Flooding,1863000.0,00AAFF
25017,Flooding,290630611.23,00AAFF
25019,none,0.0,FFFFFF
25021,Infrastructure failure,36937800.0,884DFF
25023,Flooding,37407840.61,00AAFF
25025,Flooding,177351953.61,00AAFF
25027,Flooding,17473394.0,00AAFF
26001,none,0.0,FFFFFF
26003,none,0.0,FFFFFF
26005,Tornado,7053997.029999999,4F666A
26007,none,0.0,FFFFFF
26009,none,0.0,FFFFFF
26011,none,0.0,FFFFFF
26013,Severe storm,437946.0,FFFF00
26015,none,0.0,FFFFFF
26017,none,0.0,FFFFFF
26019,none,0.0,FFFFFF
26021,Severe storm,1359950.0,FFFF00
26023,none,0.0,FFFFFF
26025,none,0.0,FFFFFF
26027,Severe storm,1359950.0,FFFF00
26029,none,0.0,FFFFFF
26031,none,0.0,FFFFFF
26033,none,0.0,FFFFFF
26035,none,0.0,FFFFFF
26037,none,0.0,FFFFFF
26039,none,0.0,FFFFFF
26041,none,0.0,FFFFFF
26043,none,0.0,FFFFFF
26047,none,0.0,FFFFFF
26049,none,0.0,FFFFFF
26051,none,0.0,FFFFFF
26053,none,0.0,FFFFFF
26055,Flooding,87999.84,00AAFF
26057,none,0.0,FFFFFF
26059,none,0.0,FFFFFF
26061,none,0.0,FFFFFF
26063,none,0.0,FFFFFF
26065,Infrastructure failure,72629072.43,884DFF
26067,none,0.0,FFFFFF
26069,none,0.0,FFFFFF
26071,none,0.0,FFFFFF
26073,Flooding,360000.0,00AAFF
26075,none,0.0,FFFFFF
26077,none,0.0,FFFFFF
26079,none,0.0,FFFFFF
26081,Flooding,2411210.0,00AAFF
26083,none,0.0,FFFFFF
26085,Flooding,29219.84,00AAFF
26087,none,0.0,FFFFFF
26089,none,0.0,FFFFFF
26091,none,0.0,FFFFFF
26093,Flooding,1758050.0,00AAFF
26095,none,0.0,FFFFFF
26097,none,0.0,FFFFFF
26099,none,0.0,FFFFFF
26101,none,0.0,FFFFFF
26103,Severe storm,1699319.5,FFFF00
26105,none,0.0,FFFFFF
26107,none,0.0,FFFFFF
26109,none,0.0,FFFFFF
26111,Flooding,360000.0,00AAFF
26113,none,0.0,FFFFFF
26115,Flooding,334331.25,00AAFF
26117,none,0.0,FFFFFF
26119,none,0.0,FFFFFF
26121,none,0.0,FFFFFF
26123,Flooding,29219.84,00AAFF
26125,Flooding,12022320.0,00AAFF
26127,none,0.0,FFFFFF
26129,Flooding,61038.0,00AAFF
26131,none,0.0,FFFFFF
26133,Flooding,29219.84,00AAFF
26135,none,0.0,FFFFFF
26137,none,0.0,FFFFFF
26139,Infrastructure failure,2860924.0,884DFF
26141,none,0.0,FFFFFF
26143,none,0.0,FFFFFF
26145,none,0.0,FFFFFF
26147,none,0.0,FFFFFF
26149,none,0.0,FFFFFF
26151,none,0.0,FFFFFF
26153,none,0.0,FFFFFF
26155,none,0.0,FFFFFF
26157,none,0.0,FFFFFF
26159,Severe storm,1359950.0,FFFF00
26161,Infrastructure failure,9468000.0,884DFF
26163,Flooding,176233559.16,00AAFF
26165,none,0.0,FFFFFF
27001,none,0.0,FFFFFF
27003,none,0.0,FFFFFF
27005,none,0.0,FFFFFF
27007,Tornado,718731.0,4F666A
27009,Flooding,17048810.0,00AAFF
27011,none,0.0,FFFFFF
27013,Tornado,4915391.14,4F666A
27015,none,0.0,FFFFFF
27017,none,0.0,FFFFFF
27019,none,0.0,FFFFFF
27021,none,0.0,FFFFFF
27023,none,0.0,FFFFFF
27025,none,0.0,FFFFFF
27027,none,0.0,FFFFFF
27029,none,0.0,FFFFFF
27031,none,0.0,FFFFFF
27033,Tornado,7921164.0,4F666A
27035,none,0.0,FFFFFF
27037,Flooding,13204561.5,00AAFF
27039,none,0.0,FFFFFF
27041,none,0.0,FFFFFF
27043,none,0.0,FFFFFF
27045,none,0.0,FFFFFF
27047,none,0.0,FFFFFF
27049,Flooding,13204561.5,00AAFF
27051,none,0.0,FFFFFF
27053,Flooding,1554000.0,00AAFF
27055,none,0.0,FFFFFF
27057,none,0.0,FFFFFF
27059,none,0.0,FFFFFF
27061,none,0.0,FFFFFF
27063,Flooding,3331637.0,00AAFF
27065,none,0.0,FFFFFF
27067,none,0.0,FFFFFF
27069,none,0.0,FFFFFF
27071,none,0.0,FFFFFF
27073,none,0.0,FFFFFF
27075,none,0.0,FFFFFF
27077,none,0.0,FFFFFF
27079,none,0.0,FFFFFF
27081,none,0.0,FFFFFF
27083,Infrastructure failure,2733175.0,884DFF
27085,none,0.0,FFFFFF
27087,none,0.0,FFFFFF
27089,none,0.0,FFFFFF
27091,none,0.0,FFFFFF
27093,none,0.0,FFFFFF
27095,none,0.0,FFFFFF
27097,none,0.0,FFFFFF
27099,none,0.0,FFFFFF
27101,none,0.0,FFFFFF
27103,Tornado,4915391.14,4F666A
27105,Flooding,3331637.0,00AAFF
27107,Flooding,1400000.67,00AAFF
27109,none,0.0,FFFFFF
27111,none,0.0,FFFFFF
27113,none,0.0,FFFFFF
27115,none,0.0,FFFFFF
27117,none,0.0,FFFFFF
27119,none,0.0,FFFFFF
27121,none,0.0,FFFFFF
27123,Flooding,10678821.0,00AAFF
27125,none,0.0,FFFFFF
27127,Tornado,7921164.0,4F666A
27129,none,0.0,FFFFFF
27131,Flooding,13204561.5,00AAFF
27133,none,0.0,FFFFFF
27135,none,0.0,FFFFFF
27137,Severe storm,15547015.0,FFFF00
27139,none,0.0,FFFFFF
27141,none,0.0,FFFFFF
27143,none,0.0,FFFFFF
27145,Flooding,17048810.0,00AAFF
27147,none,0.0,FFFFFF
27149,none,0.0,FFFFFF
27151,none,0.0,FFFFFF
27153,none,0.0,FFFFFF
27155,none,0.0,FFFFFF
27157,none,0.0,FFFFFF
27159,none,0.0,FFFFFF
27161,none,0.0,FFFFFF
27163,Flooding,8000000.0,00AAFF
27165,none,0.0,FFFFFF
27167,none,0.0,FFFFFF
27169,none,0.0,FFFFFF
27171,none,0.0,FFFFFF
27173,none,0.0,FFFFFF
28001,none,0.0,FFFFFF
28003,none,0.0,FFFFFF
28005,none,0.0,FFFFFF
28007,none,0.0,FFFFFF
28009,none,0.0,FFFFFF
28011,Flooding,3600100.0,00AAFF
28013,none,0.0,FFFFFF
28015,none,0.0,FFFFFF
28017,none,0.0,FFFFFF
28019,none,0.0,FFFFFF
28021,none,0.0,FFFFFF
28023,none,0.0,FFFFFF
28025,none,0.0,FFFFFF
28027,none,0.0,FFFFFF
28029,none,0.0,FFFFFF
28031,none,0.0,FFFFFF
28033,Tornado,1300000.0,4F666A
28035,none,0.0,FFFFFF
28037,none,0.0,FFFFFF
28039,none,0.0,FFFFFF
28041,none,0.0,FFFFFF
28043,none,0.0,FFFFFF
28045,none,0.0,FFFFFF
28047,Flooding,708718.65,00AAFF
28049,Infrastructure failure,8798291.68,884DFF
28051,Tornado,727824.0,4F666A
28053,none,0.0,FFFFFF
28055,none,0.0,FFFFFF
28057,Flooding,4200000.0,00AAFF
28059,Tropical cyclone (Hurricane/Typhoon),22705500.0,00AAFF
28061,none,0.0,FFFFFF
28063,none,0.0,FFFFFF
28065,none,0.0,FFFFFF
28067,none,0.0,FFFFFF
28069,none,0.0,FFFFFF
28071,none,0.0,FFFFFF
28073,none,0.0,FFFFFF
28075,none,0.0,FFFFFF
28077,none,0.0,FFFFFF
28079,none,0.0,FFFFFF
28081,Flooding,4200000.0,00AAFF
28083,none,0.0,FFFFFF
28085,none,0.0,FFFFFF
28087,none,0.0,FFFFFF
28089,Flooding,8523731.25,00AAFF
28091,none,0.0,FFFFFF
28093,none,0.0,FFFFFF
28095,Flooding,4200000.0,00AAFF
28097,none,0.0,FFFFFF
28099,none,0.0,FFFFFF
28101,none,0.0,FFFFFF
28103,none,0.0,FFFFFF
28105,none,0.0,FFFFFF
28107,Flooding,5394058.0,00AAFF
28109,none,0.0,FFFFFF
28111,none,0.0,FFFFFF
28113,none,0.0,FFFFFF
28115,none,0.0,FFFFFF
28117,none,0.0,FFFFFF
28119,Flooding,5394058.0,00AAFF
28121,Landslide/Debris flow,11100000.0,644117
28123,none,0.0,FFFFFF
28125,none,0.0,FFFFFF
28127,none,0.0,FFFFFF
28129,Landslide/Debris flow,11100000.0,644117
28131,none,0.0,FFFFFF
28133,Flooding,2750100.0,00AAFF
28135,none,0.0,FFFFFF
28137,none,0.0,FFFFFF
28139,none,0.0,FFFFFF
28141,none,0.0,FFFFFF
28143,none,0.0,FFFFFF
28145,none,0.0,FFFFFF
28147,none,0.0,FFFFFF
28149,none,0.0,FFFFFF
28151,none,0.0,FFFFFF
28153,none,0.0,FFFFFF
28155,none,0.0,FFFFFF
28157,none,0.0,FFFFFF
28159,none,0.0,FFFFFF
28161,none,0.0,FFFFFF
28163,Tornado,727824.0,4F666A
29001,none,0.0,FFFFFF
29003,Flooding,460284.3,00AAFF
29005,none,0.0,FFFFFF
29007,Infrastructure failure,40477.06,884DFF
29009,Tornado,2487240.0,4F666A
29011,none,0.0,FFFFFF
29013,none,0.0,FFFFFF
29015,none,0.0,FFFFFF
29017,Tornado,1907587.0,4F666A
29019,none,0.0,FFFFFF
29021,none,0.0,FFFFFF
29023,Earthquake,1288600.0,FFFFFF
29025,none,0.0,FFFFFF
29027,Flooding,1114647.1600000001,00AAFF
29029,none,0.0,FFFFFF
29031,none,0.0,FFFFFF
29033,none,0.0,FFFFFF
29035,Earthquake,1288600.0,FFFFFF
29037,none,0.0,FFFFFF
29039,none,0.0,FFFFFF
29041,none,0.0,FFFFFF
29043,Flooding,551870.0,00AAFF
29045,none,0.0,FFFFFF
29047,Severe storm,6224400.0,FFFF00
29049,none,0.0,FFFFFF
29051,Flooding,1114647.1600000001,00AAFF
29053,Tornado,1497300.0,4F666A
29055,Tornado,1283870.0,4F666A
29057,none,0.0,FFFFFF
29059,none,0.0,FFFFFF
29061,none,0.0,FFFFFF
29063,none,0.0,FFFFFF
29065,Tornado,1283870.0,4F666A
29067,none,0.0,FFFFFF
29069,none,0.0,FFFFFF
29071,none,0.0,FFFFFF
29073,Infrastructure failure,117481.32,884DFF
29075,none,0.0,FFFFFF
29077,Tornado,23000000.0,4F666A
29079,none,0.0,FFFFFF
29081,none,0.0,FFFFFF
29083,none,0.0,FFFFFF
29085,Tornado,1627762.0,4F666A
29087,none,0.0,FFFFFF
29089,none,0.0,FFFFFF
29091,Tornado,2985000.0,4F666A
29093,none,0.0,FFFFFF
29095,none,0.0,FFFFFF
29097,Tornado,2577750.0,4F666A
29099,Flooding,823914.0,00AAFF
29101,Tornado,2308635.0,4F666A
29103,none,0.0,FFFFFF
29105,Tornado,0.0,4F666A
29107,none,0.0,FFFFFF
29109,Flooding,551870.0,00AAFF
29111,none,0.0,FFFFFF
29113,Infrastructure failure,40477.06,884DFF
29115,none,0.0,FFFFFF
29117,none,0.0,FFFFFF
29119,none,0.0,FFFFFF
29121,none,0.0,FFFFFF
29123,Earthquake,638250.0,FFFFFF
29125,Infrastructure failure,117481.32,884DFF
29127,Severe storm,58341731.0,FFFF00
29129,none,0.0,FFFFFF
29131,none,0.0,FFFFFF
29133,none,0.0,FFFFFF
29135,Tornado,1497300.0,4F666A
29137,none,0.0,FFFFFF
29139,Infrastructure failure,40477.06,884DFF
29141,none,0.0,FFFFFF
29143,none,0.0,FFFFFF
29145,Flooding,1500000.0,00AAFF
29147,none,0.0,FFFFFF
29149,none,0.0,FFFFFF
29151,Flooding,1114647.1600000001,00AAFF
29153,none,0.0,FFFFFF
29155,none,0.0,FFFFFF
29157,Earthquake,638250.0,FFFFFF
29159,Tornado,2308635.0,4F666A
29161,Infrastructure failure,117481.32,884DFF
29163,Flooding,12779152.52,00AAFF
29165,none,0.0,FFFFFF
29167,none,0.0,FFFFFF
29169,none,0.0,FFFFFF
29171,none,0.0,FFFFFF
29173,Severe storm,58341731.0,FFFF00
29175,none,0.0,FFFFFF
29177,Severe storm,6224400.0,FFFF00
29179,Tornado,1283870.0,4F666A
29181,none,0.0,FFFFFF
29183,none,0.0,FFFFFF
29185,Tornado,1627762.0,4F666A
29186,Earthquake,638250.0,FFFFFF
29187,Flooding,823914.0,00AAFF
29189,Flooding,8549907.8,00AAFF
29195,none,0.0,FFFFFF
29197,none,0.0,FFFFFF
29199,none,0.0,FFFFFF
29201,none,0.0,FFFFFF
29203,Tornado,1283870.0,4F666A
29205,none,0.0,FFFFFF
29207,none,0.0,FFFFFF
29209,Flooding,551870.0,00AAFF
29211,none,0.0,FFFFFF
29213,none,0.0,FFFFFF
29215,Tornado,4268870.0,4F666A
29217,none,0.0,FFFFFF
29219,none,0.0,FFFFFF
29221,Flooding,823914.0,00AAFF
29223,none,0.0,FFFFFF
29225,Flooding,100000.0,00AAFF
29227,none,0.0,FFFFFF
29229,Flooding,100000.0,00AAFF
29510,Earthquake,30214033.85,FFFFFF
30001,none,0.0,FFFFFF
30003,Flooding,287026857.0,00AAFF
30005,none,0.0,FFFFFF
30007,Flooding,16119050.0,00AAFF
30009,Flooding,299332.25,00AAFF
30011,none,0.0,FFFFFF
30013,none,0.0,FFFFFF
30017,Flooding,486000.0,00AAFF
30019,none,0.0,FFFFFF
30021,none,0.0,FFFFFF
30023,Flooding,636550.0,00AAFF
30025,none,0.0,FFFFFF
30027,none,0.0,FFFFFF
30029,Fire,40000.0,FF1919
30031,Flooding,16119050.0,00AAFF
30033,none,0.0,FFFFFF
30035,none,0.0,FFFFFF
30037,none,0.0,FFFFFF
30039,none,0.0,FFFFFF
30043,Flooding,17126126.0,00AAFF
30045,none,0.0,FFFFFF
30047,none,0.0,FFFFFF
30049,Flooding,1007076.0,00AAFF
30051,none,0.0,FFFFFF
30053,Fire,5695400.0,FF1919
30055,none,0.0,FFFFFF
30057,none,0.0,FFFFFF
30059,none,0.0,FFFFFF
30061,Infrastructure failure,899921.9,884DFF
30063,Infrastructure failure,2631002.0,884DFF
30065,none,0.0,FFFFFF
30067,Flooding,2116303.0,00AAFF
30069,none,0.0,FFFFFF
30071,none,0.0,FFFFFF
30073,none,0.0,FFFFFF
30075,none,0.0,FFFFFF
30077,Flooding,636550.0,00AAFF
30079,none,0.0,FFFFFF
30081,Dam/Levee break,1807805.0,00AAFF
30083,Flooding,1788759.0,00AAFF
30085,none,0.0,FFFFFF
30087,Flooding,18758000.0,00AAFF
30089,none,0.0,FFFFFF
30091,none,0.0,FFFFFF
30093,Dam/Levee break,2200052.0,00AAFF
30095,Flooding,240496.25,00AAFF
30097,none,0.0,FFFFFF
30099,none,0.0,FFFFFF
30101,none,0.0,FFFFFF
30103,Flooding,18758000.0,00AAFF
30105,none,0.0,FFFFFF
30107,none,0.0,FFFFFF
30109,none,0.0,FFFFFF
30111,Flooding,287026857.0,00AAFF
31001,Flooding,4280831.0,00AAFF
31003,Winter storm,860840.0,A0E6FF
31005,none,0.0,FFFFFF
31007,none,0.0,FFFFFF
31009,none,0.0,FFFFFF
31011,Severe storm,1770406.0,FFFF00
31013,none,0.0,FFFFFF
31015,none,0.0,FFFFFF
31017,none,0.0,FFFFFF
31019,none,0.0,FFFFFF
31021,none,0.0,FFFFFF
31023,Extreme temperature,27587900.0,CC5500
31025,none,0.0,FFFFFF
31027,none,0.0,FFFFFF
31029,none,0.0,FFFFFF
31031,Drought,84000.0,CC5500
31033,none,0.0,FFFFFF
31035,Infrastructure failure,1485252.0,884DFF
31037,Extreme temperature,27587900.0,CC5500
31039,Flooding,5411703.13,00AAFF
31041,Flooding,4745091.45,00AAFF
31043,Flooding,715000.0,00AAFF
31047,Flooding,299250.0,00AAFF
31049,none,0.0,FFFFFF
31051,Flooding,715000.0,00AAFF
31053,Flooding,58641354.0,00AAFF
31055,Flooding,22761035.53,00AAFF
31057,Flooding,55925.0,00AAFF
31059,none,0.0,FFFFFF
31061,none,0.0,FFFFFF
31063,none,0.0,FFFFFF
31065,none,0.0,FFFFFF
31067,Flooding,671788.1699999999,00AAFF
31069,none,0.0,FFFFFF
31071,none,0.0,FFFFFF
31073,Flooding,299250.0,00AAFF
31075,none,0.0,FFFFFF
31077,none,0.0,FFFFFF
31079,Flooding,4280831.0,00AAFF
31081,none,0.0,FFFFFF
31083,Flooding,83000.0,00AAFF
31085,none,0.0,FFFFFF
31087,none,0.0,FFFFFF
31089,none,0.0,FFFFFF
31091,none,0.0,FFFFFF
31093,none,0.0,FFFFFF
31095,Flooding,671788.1699999999,00AAFF
31097,Flooding,177750.0,00AAFF
31099,none,0.0,FFFFFF
31101,none,0.0,FFFFFF
31103,none,0.0,FFFFFF
31105,none,0.0,FFFFFF
31107,Severe storm,1336122.96,FFFF00
31109,Flooding,794645.6,00AAFF
31111,Flooding,152000.0,00AAFF
31113,none,0.0,FFFFFF
31115,Flooding,4745091.45,00AAFF
31117,Flooding,152000.0,00AAFF
31119,Flooding,266645.83,00AAFF
31121,none,0.0,FFFFFF
31123,none,0.0,FFFFFF
31125,Severe storm,1770406.0,FFFF00
31127,none,0.0,FFFFFF
31129,none,0.0,FFFFFF
31131,none,0.0,FFFFFF
31133,none,0.0,FFFFFF
31135,none,0.0,FFFFFF
31137,Severe storm,79804.56,FFFF00
31139,Winter storm,860840.0,A0E6FF
31141,Extreme temperature,27587900.0,CC5500
31143,Extreme temperature,27587900.0,CC5500
31145,none,0.0,FFFFFF
31147,Severe storm,5326227.0,FFFF00
31149,none,0.0,FFFFFF
31151,none,0.0,FFFFFF
31153,Flooding,13084642.530000001,00AAFF
31155,Flooding,58903854.0,00AAFF
31157,none,0.0,FFFFFF
31159,none,0.0,FFFFFF
31163,none,0.0,FFFFFF
31165,none,0.0,FFFFFF
31167,Flooding,266645.83,00AAFF
31169,none,0.0,FFFFFF
31171,none,0.0,FFFFFF
31173,Flooding,5411703.13,00AAFF
31175,none,0.0,FFFFFF
31177,Flooding,58641354.0,00AAFF
31179,Flooding,5411703.13,00AAFF
31181,none,0.0,FFFFFF
31183,none,0.0,FFFFFF
31185,Severe storm,4556225.0,FFFF00
32001,none,0.0,FFFFFF
32003,Infrastructure failure,912492.8,884DFF
32005,Dam/Levee break,29002158.0,00AAFF
32007,none,0.0,FFFFFF
32009,none,0.0,FFFFFF
32011,Drought,166000.0,CC5500
32013,none,0.0,FFFFFF
32015,none,0.0,FFFFFF
32017,Drought,39159.97,CC5500
32019,none,0.0,FFFFFF
32021,Flooding,157500.0,00AAFF
32023,none,0.0,FFFFFF
32027,none,0.0,FFFFFF
32029,Flooding,3588000.0,00AAFF
32031,Flooding,3588000.0,00AAFF
32033,none,0.0,FFFFFF
32510,Dam/Levee break,29002158.0,00AAFF
33001,none,0.0,FFFFFF
33003,Flooding,172000.0,00AAFF
33005,Flooding,102320.88,00AAFF
33007,Severe storm,165000.0,FFFF00
33009,Flooding,849618.0,00AAFF
33011,none,0.0,FFFFFF
33013,Infrastructure failure,1286435.12,884DFF
33015,Flooding,336389.75,00AAFF
33017,Flooding,262389.75,00AAFF
33019,Flooding,1099618.0,00AAFF
34001,Flooding,103745637.09,00AAFF
34003,Flooding,24475505.73,00AAFF
34005,Flooding,1677535.0,00AAFF
34007,Flooding,215000.0,00AAFF
34009,Flooding,226266050.96,00AAFF
34011,Severe storm,200000.0,FFFF00
34013,Flooding,2263159.04,00AAFF
34015,Flooding,200000.0,00AAFF
34017,Flooding,189204402.44,00AAFF
34019,Infrastructure failure,31599633.29,884DFF
34021,Tropical cyclone (Hurricane/Typhoon),243005239.0,00AAFF
34023,Flooding,42499155.34,00AAFF
34025,Flooding,114386481.53999999,00AAFF
34027,Flooding,7728105.29,00AAFF
34029,Flooding,62682649.29,00AAFF
34031,none,0.0,FFFFFF
34033,Flooding,17087799.96,00AAFF
34035,Flooding,48579797.33,00AAFF
34037,Severe storm,2224239.0,FFFF00
34039,Flooding,4587175.98,00AAFF
34041,none,0.0,FFFFFF
35001,Flooding,1479189.0899999999,00AAFF
35003,none,0.0,FFFFFF
35005,none,0.0,FFFFFF
35006,Flooding,960750.0,00AAFF
35007,none,0.0,FFFFFF
35009,none,0.0,FFFFFF
35011,none,0.0,FFFFFF
35013,Flooding,21628937.34,00AAFF
35015,none,0.0,FFFFFF
35017,none,0.0,FFFFFF
35019,none,0.0,FFFFFF
35021,none,0.0,FFFFFF
35023,none,0.0,FFFFFF
35025,none,0.0,FFFFFF
35027,Fire,73500.0,FF1919
35028,none,0.0,FFFFFF
35029,none,0.0,FFFFFF
35031,none,0.0,FFFFFF
35033,none,0.0,FFFFFF
35035,none,0.0,FFFFFF
35037,none,0.0,FFFFFF
35039,Flooding,1998192.38,00AAFF
35041,none,0.0,FFFFFF
35043,Flooding,789811.12,00AAFF
35045,none,0.0,FFFFFF
35047,none,0.0,FFFFFF
35049,Flooding,2864814.8499999996,00AAFF
35051,none,0.0,FFFFFF
35053,none,0.0,FFFFFF
35055,none,0.0,FFFFFF
35057,none,0.0,FFFFFF
35059,none,0.0,FFFFFF
35061,Infrastructure failure,300000.0,884DFF
36001,Flooding,56969944.56,00AAFF
36003,none,0.0,FFFFFF
36005,none,0.0,FFFFFF
36007,Infrastructure failure,1257508.0,884DFF
36009,none,0.0,FFFFFF
36011,Flooding,25000.0,00AAFF
36013,none,0.0,FFFFFF
36015,Severe storm,128153.55,FFFF00
36017,none,0.0,FFFFFF
36019,none,0.0,FFFFFF
36021,none,0.0,FFFFFF
36023,Flooding,690000.0,00AAFF
36025,none,0.0,FFFFFF
36027,Flooding,456000.0,00AAFF
36029,Severe storm,29708271.0,FFFF00
36031,none,0.0,FFFFFF
36033,Flooding,863362.75,00AAFF
36035,none,0.0,FFFFFF
36037,none,0.0,FFFFFF
36039,Flooding,2373200.0,00AAFF
36041,Infrastructure failure,245000.0,884DFF
36043,Flooding,1808500.0,00AAFF
36045,none,0.0,FFFFFF
36047,Flooding,315000.0,00AAFF
36049,Drought,157500.0,CC5500
36051,Severe storm,995000.0,FFFF00
36053,none,0.0,FFFFFF
36055,Flooding,120000.0,00AAFF
36057,none,0.0,FFFFFF
36059,Flooding,163321922.32,00AAFF
36061,Flooding,225510748.47,00AAFF
36063,none,0.0,FFFFFF
36065,none,0.0,FFFFFF
36067,Flooding,34600.0,00AAFF
36071,Flooding,2770062.0,00AAFF
36073,none,0.0,FFFFFF
36075,none,0.0,FFFFFF
36077,Severe storm,310000.0,FFFF00
36079,Flooding,456000.0,00AAFF
36081,Flooding,397401518.09000003,00AAFF
36083,none,0.0,FFFFFF
36085,none,0.0,FFFFFF
36087,Flooding,13167919.0,00AAFF
36089,none,0.0,FFFFFF
36091,none,0.0,FFFFFF
36093,none,0.0,FFFFFF
36095,none,0.0,FFFFFF
36097,Infrastructure failure,173775.0,884DFF
36099,Severe storm,85652.0,FFFF00
36101,Infrastructure failure,173775.0,884DFF
36103,Flooding,2633288.0,00AAFF
36105,none,0.0,FFFFFF
36107,none,0.0,FFFFFF
36109,Flooding,12710150.0,00AAFF
36111,Flooding,1062666.82,00AAFF
36113,Flooding,120000.0,00AAFF
36115,none,0.0,FFFFFF
36117,none,0.0,FFFFFF
36119,Flooding,17166116.689999998,00AAFF
36121,none,0.0,FFFFFF
36123,Infrastructure failure,1200000.0,884DFF
37001,Flooding,2139946.0,00AAFF
37003,Flooding,10281242.7,00AAFF
37005,Flooding,2466760.0,00AAFF
37007,Flooding,78750.0,00AAFF
37009,Flooding,2175000.0,00AAFF
37011,Flooding,21388342.5,00AAFF
37013,Flooding,45867271.02,00AAFF
37015,Flooding,157500.0,00AAFF
37017,Flooding,11917500.0,00AAFF
37019,Flooding,1950000.0,00AAFF
37021,Flooding,14593947.14,00AAFF
37023,Flooding,21701105.7,00AAFF
37025,Flooding,15006075.0,00AAFF
37027,Flooding,25306463.2,00AAFF
37029,none,0.0,FFFFFF
37031,Flooding,9502040.69,00AAFF
37033,Flooding,1312500.0,00AAFF
37035,Flooding,7773635.2,00AAFF
37037,Flooding,1049311.0,00AAFF
37039,Infrastructure failure,1802325.0,884DFF
37041,Flooding,157500.0,00AAFF
37043,none,0.0,FFFFFF
37045,none,0.0,FFFFFF
37047,Flooding,18126240.009999998,00AAFF
37049,Flooding,13712609.3,00AAFF
37051,Flooding,70515846.36,00AAFF
37053,Flooding,10427838.75,00AAFF
37055,Flooding,64743529.019999996,00AAFF
37057,Flooding,420000.0,00AAFF
37059,Infrastructure failure,7260673.0,884DFF
37061,Flooding,210000.0,00AAFF
37063,Flooding,961568.29,00AAFF
37065,Flooding,22986475.85,00AAFF
37067,none,0.0,FFFFFF
37069,none,0.0,FFFFFF
37071,Flooding,1179570.0,00AAFF
37073,none,0.0,FFFFFF
37075,none,0.0,FFFFFF
37077,Severe storm,157500.0,FFFF00
37079,Infrastructure failure,3298050.0,884DFF
37081,Infrastructure failure,7328233.45,884DFF
37083,Flooding,12181575.85,00AAFF
37085,Severe storm,17739500.0,FFFF00
37087,Flooding,10365071.64,00AAFF
37089,none,0.0,FFFFFF
37091,Tropical cyclone (Hurricane/Typhoon),280350.0,00AAFF
37093,Drought,24321529.5,CC5500
37095,Flooding,10406349.19,00AAFF
37097,Infrastructure failure,7260673.0,884DFF
37099,none,0.0,FFFFFF
37101,Severe storm,17739500.0,FFFF00
37103,Flooding,8996290.0,00AAFF
37105,none,0.0,FFFFFF
37107,Infrastructure failure,3298050.0,884DFF
37109,none,0.0,FFFFFF
37111,Flooding,11458700.5,00AAFF
37113,none,0.0,FFFFFF
37115,Flooding,1564185.0,00AAFF
37117,Flooding,35460921.83,00AAFF
37119,Flooding,4148643.44,00AAFF
37121,Flooding,6319530.0,00AAFF
37123,Infrastructure failure,1089900.0,884DFF
37125,Infrastructure failure,1089900.0,884DFF
37127,Flooding,10804900.0,00AAFF
37129,Flooding,4700628.75,00AAFF
37131,none,0.0,FFFFFF
37133,Flooding,13700337.4,00AAFF
37135,Infrastructure failure,19509787.0,884DFF
37137,Severe storm,11205600.0,FFFF00
37139,none,0.0,FFFFFF
37141,Flooding,4876744.5,00AAFF
37143,Flooding,157500.0,00AAFF
37145,Severe storm,157500.0,FFFF00
37147,Flooding,59007621.53,00AAFF
37149,Flooding,239483.0,00AAFF
37151,Infrastructure failure,7328233.45,884DFF
37153,Infrastructure failure,4436565.0,884DFF
37155,Flooding,6243165.01,00AAFF
37157,Flooding,8863254.23,00AAFF
37159,Flooding,46502925.0,00AAFF
37161,Flooding,4231603.0,00AAFF
37163,Severe storm,15771500.0,FFFF00
37165,Flooding,113414.79,00AAFF
37167,Severe storm,496933.5,FFFF00
37169,none,0.0,FFFFFF
37171,Flooding,2466760.0,00AAFF
37173,none,0.0,FFFFFF
37175,none,0.0,FFFFFF
37177,Flooding,210000.0,00AAFF
37179,Flooding,650000.0,00AAFF
37181,Severe storm,157500.0,FFFF00
37183,Infrastructure failure,14142205.3,884DFF
37185,none,0.0,FFFFFF
37187,none,0.0,FFFFFF
37189,Flooding,23957112.5,00AAFF
37191,Flooding,832650.0,00AAFF
37193,Flooding,20582467.11,00AAFF
37195,Flooding,30812013.7,00AAFF
37197,Flooding,8971167.11,00AAFF
37199,Flooding,6319530.0,00AAFF
38001,none,0.0,FFFFFF
38003,none,0.0,FFFFFF
38005,Dam/Levee break,1800000.0,00AAFF
38007,none,0.0,FFFFFF
38009,none,0.0,FFFFFF
38011,none,0.0,FFFFFF
38013,none,0.0,FFFFFF
38015,Flooding,90408569.73,00AAFF
38017,Infrastructure failure,22568734.6,884DFF
38019,none,0.0,FFFFFF
38021,Flooding,131194.66999999998,00AAFF
38023,none,0.0,FFFFFF
38025,Fire,140700.0,FF1919
38027,Severe storm,203497.02,FFFF00
38029,Severe storm,17915520.0,FFFF00
38031,Severe storm,203497.02,FFFF00
38033,none,0.0,FFFFFF
38035,Severe storm,28930443.880000003,FFFF00
38037,none,0.0,FFFFFF
38039,Flooding,35449.34,00AAFF
38041,none,0.0,FFFFFF
38043,none,0.0,FFFFFF
38045,Flooding,63861.33,00AAFF
38047,none,0.0,FFFFFF
38049,none,0.0,FFFFFF
38051,Flooding,46666.67,00AAFF
38053,Flooding,32753.33,00AAFF
38055,Infrastructure failure,12735826.5,884DFF
38057,Flooding,400086.00999999995,00AAFF
38059,Flooding,47117807.8,00AAFF
38061,none,0.0,FFFFFF
38063,none,0.0,FFFFFF
38065,Flooding,400086.00999999995,00AAFF
38067,Flooding,406533.33999999997,00AAFF
38069,Severe storm,489000.0,FFFF00
38071,none,0.0,FFFFFF
38073,none,0.0,FFFFFF
38075,none,0.0,FFFFFF
38077,none,0.0,FFFFFF
38079,none,0.0,FFFFFF
38081,Flooding,137944.0,00AAFF
38083,Severe storm,489000.0,FFFF00
38085,Winter storm,2481000.0,A0E6FF
38087,none,0.0,FFFFFF
38089,Fire,140700.0,FF1919
38091,Severe storm,28930443.880000003,FFFF00
38093,Severe storm,203497.02,FFFF00
38095,none,0.0,FFFFFF
38097,Flooding,45333.34,00AAFF
38099,none,0.0,FFFFFF
38101,Flooding,41186332.78,00AAFF
38103,Severe storm,3641867.23,FFFF00
38105,none,0.0,FFFFFF
39001,none,0.0,FFFFFF
39003,none,0.0,FFFFFF
39005,none,0.0,FFFFFF
39007,none,0.0,FFFFFF
39009,none,0.0,FFFFFF
39011,none,0.0,FFFFFF
39013,none,0.0,FFFFFF
39015,none,0.0,FFFFFF
39017,Flooding,685000.0,00AAFF
39019,none,0.0,FFFFFF
39021,Flooding,33500.0,00AAFF
39023,none,0.0,FFFFFF
39025,Severe storm,340200.0,FFFF00
39027,none,0.0,FFFFFF
39029,Flooding,4393388.77,00AAFF
39031,Tornado,74335.59,4F666A
39033,Flooding,181816.2,00AAFF
39035,Flooding,3345154.0,00AAFF
39037,Tornado,10355250.0,4F666A
39039,none,0.0,FFFFFF
39041,Flooding,2683914.02,00AAFF
39043,none,0.0,FFFFFF
39045,Fire,2136001.0,FF1919
39047,none,0.0,FFFFFF
39049,Flooding,41487411.410000004,00AAFF
39051,none,0.0,FFFFFF
39053,none,0.0,FFFFFF
39055,Flooding,1990763.46,00AAFF
39057,none,0.0,FFFFFF
39059,none,0.0,FFFFFF
39061,Flooding,826472.31,00AAFF
39063,Flooding,84186474.75,00AAFF
39065,none,0.0,FFFFFF
39067,none,0.0,FFFFFF
39069,none,0.0,FFFFFF
39071,none,0.0,FFFFFF
39073,Flooding,246960.0,00AAFF
39075,Tornado,74335.59,4F666A
39077,none,0.0,FFFFFF
39079,Flooding,395992.0,00AAFF
39081,none,0.0,FFFFFF
39083,none,0.0,FFFFFF
39085,none,0.0,FFFFFF
39087,none,0.0,FFFFFF
39089,Fire,2136001.0,FF1919
39091,Flooding,0.0,00AAFF
39093,none,0.0,FFFFFF
39095,Flooding,4324059.970000001,00AAFF
39097,none,0.0,FFFFFF
39099,Flooding,55864998.769999996,00AAFF
39101,Flooding,181816.2,00AAFF
39103,Flooding,9210857.0,00AAFF
39105,none,0.0,FFFFFF
39107,none,0.0,FFFFFF
39109,Flooding,33500.0,00AAFF
39111,none,0.0,FFFFFF
39113,Tornado,10804750.0,4F666A
39115,none,0.0,FFFFFF
39117,none,0.0,FFFFFF
39119,Landslide/Debris flow,5624620.0,644117
39121,none,0.0,FFFFFF
39123,Flooding,1229400.0,00AAFF
39125,none,0.0,FFFFFF
39127,none,0.0,FFFFFF
39129,none,0.0,FFFFFF
39131,none,0.0,FFFFFF
39133,Flooding,1990763.46,00AAFF
39135,Flooding,685000.0,00AAFF
39137,none,0.0,FFFFFF
39139,none,0.0,FFFFFF
39141,none,0.0,FFFFFF
39143,none,0.0,FFFFFF
39145,Flooding,395992.0,00AAFF
39147,none,0.0,FFFFFF
39149,Flooding,33500.0,00AAFF
39151,none,0.0,FFFFFF
39153,Flooding,11099763.46,00AAFF
39155,Dam/Levee break,54684299.0,00AAFF
39157,Flooding,120558.0,00AAFF
39159,Flooding,181816.2,00AAFF
39161,none,0.0,FFFFFF
39163,none,0.0,FFFFFF
39165,Flooding,685000.0,00AAFF
39167,none,0.0,FFFFFF
39169,Flooding,9210857.0,00AAFF
39171,none,0.0,FFFFFF
39173,none,0.0,FFFFFF
39175,none,0.0,FFFFFF
40001,none,0.0,FFFFFF
40003,none,0.0,FFFFFF
40005,none,0.0,FFFFFF
40007,none,0.0,FFFFFF
40009,none,0.0,FFFFFF
40011,none,0.0,FFFFFF
40013,Flooding,4500000.0,00AAFF
40015,Severe storm,4228668.0,FFFF00
40017,Severe storm,1333993.58,FFFF00
40019,none,0.0,FFFFFF
40021,Infrastructure failure,2317439.23,884DFF
40023,none,0.0,FFFFFF
40025,none,0.0,FFFFFF
40027,Flooding,3594240.0,00AAFF
40029,none,0.0,FFFFFF
40031,Flooding,43454200.0,00AAFF
40033,none,0.0,FFFFFF
40035,Flooding,5522978.14,00AAFF
40037,none,0.0,FFFFFF
40039,none,0.0,FFFFFF
40041,none,0.0,FFFFFF
40043,none,0.0,FFFFFF
40045,none,0.0,FFFFFF
40047,none,0.0,FFFFFF
40049,none,0.0,FFFFFF
40051,none,0.0,FFFFFF
40053,none,0.0,FFFFFF
40055,none,0.0,FFFFFF
40057,none,0.0,FFFFFF
40059,none,0.0,FFFFFF
40061,none,0.0,FFFFFF
40063,none,0.0,FFFFFF
40065,none,0.0,FFFFFF
40067,none,0.0,FFFFFF
40069,Drought,1074931.0,CC5500
40071,none,0.0,FFFFFF
40073,none,0.0,FFFFFF
40075,none,0.0,FFFFFF
40077,none,0.0,FFFFFF
40079,none,0.0,FFFFFF
40081,Tornado,210840.0,4F666A
40083,Tornado,210840.0,4F666A
40085,none,0.0,FFFFFF
40087,none,0.0,FFFFFF
40089,none,0.0,FFFFFF
40091,Tornado,1523984.5,4F666A
40093,none,0.0,FFFFFF
40095,none,0.0,FFFFFF
40097,none,0.0,FFFFFF
40099,none,0.0,FFFFFF
40101,Flooding,650000.0,00AAFF
40103,Infrastructure failure,3348000.0,884DFF
40105,none,0.0,FFFFFF
40107,Flooding,123668800.04,00AAFF
40109,Flooding,33847066.5,00AAFF
40111,Flooding,123668800.04,00AAFF
40113,Flooding,35227145.129999995,00AAFF
40115,Flooding,5522978.14,00AAFF
40117,none,0.0,FFFFFF
40119,Tornado,210840.0,4F666A
40121,none,0.0,FFFFFF
40123,Drought,1074931.0,CC5500
40125,Tornado,465984.12,4F666A
40127,none,0.0,FFFFFF
40129,none,0.0,FFFFFF
40131,none,0.0,FFFFFF
40133,none,0.0,FFFFFF
40135,none,0.0,FFFFFF
40137,none,0.0,FFFFFF
40139,none,0.0,FFFFFF
40141,none,0.0,FFFFFF
40143,Flooding,38519188.89,00AAFF
40145,none,0.0,FFFFFF
40147,none,0.0,FFFFFF
40149,none,0.0,FFFFFF
40151,none,0.0,FFFFFF
40153,none,0.0,FFFFFF
41001,Fire,50000.0,FF1919
41003,Earthquake,4720128.12,FFFFFF
41005,Fire,255174404.57999998,FF1919
41007,Tsunami,22263757.38,00AAFF
41009,Flooding,549106.0,00AAFF
41011,Landslide/Debris flow,1639700.0,644117
41013,none,0.0,FFFFFF
41015,Drought,79575911.0,CC5500
41017,Fire,60106799.0,FF1919
41019,Earthquake,9652500.0,FFFFFF
41021,none,0.0,FFFFFF
41023,none,0.0,FFFFFF
41025,Fire,4922101.8,FF1919
41027,Earthquake,6388542.11,FFFFFF
41029,Flooding,247489543.78,00AAFF
41031,none,0.0,FFFFFF
41033,Flooding,247489543.78,00AAFF
41035,Fire,105518.2,FF1919
41037,none,0.0,FFFFFF
41039,Earthquake,51983348.36,FFFFFF
41041,Infrastructure failure,866580.75,884DFF
41043,none,0.0,FFFFFF
41045,none,0.0,FFFFFF
41047,Flooding,13188320.0,00AAFF
41049,Flooding,528376.0,00AAFF
41051,Extreme temperature,11687129.85,CC5500
41053,none,0.0,FFFFFF
41055,none,0.0,FFFFFF
41057,none,0.0,FFFFFF
41059,Flooding,528376.0,00AAFF
41061,Flooding,730000.0,00AAFF
41063,none,0.0,FFFFFF
41065,Earthquake,566088.4,FFFFFF
41067,Earthquake,50255288.8,FFFFFF
41069,none,0.0,FFFFFF
41071,Flooding,49949119.28,00AAFF
42001,Flooding,105000.0,00AAFF
42003,Flooding,109584283.81,00AAFF
42005,none,0.0,FFFFFF
42007,Flooding,105000.0,00AAFF
42009,none,0.0,FFFFFF
42011,Flooding,1516200.0,00AAFF
42013,Flooding,314996.36,00AAFF
42015,Flooding,10500.0,00AAFF
42017,Flooding,5183375.46,00AAFF
42019,Winter storm,105000.0,A0E6FF
42021,Flooding,97500.68,00AAFF
42023,Disease,73500.0,FFFFFF
42025,Dam/Levee break,20197000.0,00AAFF
42027,Flooding,585761.0,00AAFF
42029,Flooding,9049830.0,00AAFF
42031,none,0.0,FFFFFF
42033,none,0.0,FFFFFF
42035,Biological incident,45000.0,FFFFFF
42037,Flooding,945941.51,00AAFF
42039,none,0.0,FFFFFF
42041,Flooding,83955.92,00AAFF
42043,Flooding,2064998.95,00AAFF
42045,Flooding,20853830.0,00AAFF
42047,Disease,73500.0,FFFFFF
42049,Winter storm,225000.0,A0E6FF
42051,Dam/Levee break,840060.0,00AAFF
42053,Flooding,50000.0,00AAFF
42055,none,0.0,FFFFFF
42057,none,0.0,FFFFFF
42059,none,0.0,FFFFFF
42061,Landslide/Debris flow,36750.0,644117
42063,Flooding,45000.0,00AAFF
42065,Flooding,50000.0,00AAFF
42067,none,0.0,FFFFFF
42069,Flooding,61191570.57,00AAFF
42071,Flooding,15402591.2,00AAFF
42073,none,0.0,FFFFFF
42075,Flooding,10065248.0,00AAFF
42077,Flooding,133333.0,00AAFF
42079,Flooding,53062227.51,00AAFF
42081,Infrastructure failure,9360000.0,884DFF
42083,none,0.0,FFFFFF
42085,Winter storm,50000.0,A0E6FF
42087,none,0.0,FFFFFF
42089,Flooding,815500.0,00AAFF
42091,Infrastructure failure,15665000.0,884DFF
42093,Flooding,945941.51,00AAFF
42095,Flooding,20456620.0,00AAFF
42097,Flooding,11781046.64,00AAFF
42101,Infrastructure failure,180210892.0,884DFF
42103,Severe storm,51224.0,FFFF00
42105,Flooding,3499.98,00AAFF
42107,Flooding,4696135.949999999,00AAFF
42109,Flooding,423650.0,00AAFF
42111,Flooding,750400.0,00AAFF
42113,Infrastructure failure,9360000.0,884DFF
42115,Flooding,55500.0,00AAFF
42117,Flooding,75600.0,00AAFF
42119,Flooding,529732.0,00AAFF
42121,Severe storm,105000.0,FFFF00
42123,none,0.0,FFFFFF
42125,Flooding,13177104.15,00AAFF
42127,Flooding,3444353.0,00AAFF
42129,Flooding,2469631.0,00AAFF
42131,Flooding,494005.0,00AAFF
42133,Flooding,7480351.0,00AAFF
44001,Flooding,328148.5,00AAFF
44003,Fire,2000000.0,FF1919
44005,Infrastructure failure,42098365.0,884DFF
44007,Dam/Levee break,3040966.16,00AAFF
44009,Flooding,5982438.45,00AAFF
45001,Winter storm,775690.0,A0E6FF
45003,Infrastructure failure,11758982.0,884DFF
45005,none,0.0,FFFFFF
45007,Infrastructure failure,900000.0,884DFF
45009,none,0.0,FFFFFF
45011,none,0.0,FFFFFF
45013,Flooding,6093316.98,00AAFF
45015,Flooding,174927.14,00AAFF
45017,none,0.0,FFFFFF
45019,Flooding,128558777.27,00AAFF
45021,Flooding,450000.0,00AAFF
45023,Infrastructure failure,14695302.0,884DFF
45025,none,0.0,FFFFFF
45027,Flooding,71500.0,00AAFF
45029,Infrastructure failure,269056.88,884DFF
45031,Infrastructure failure,144900.0,884DFF
45033,Flooding,2232825.0,00AAFF
45035,Infrastructure failure,269056.88,884DFF
45037,none,0.0,FFFFFF
45039,Tropical cyclone (Hurricane/Typhoon),76751.04,00AAFF
45041,Infrastructure failure,144900.0,884DFF
45043,Flooding,1986032.7,00AAFF
45045,Infrastructure failure,19509903.26,884DFF
45047,Flooding,350000.0,00AAFF
45049,Flooding,86984.53,00AAFF
45051,Flooding,11210156.67,00AAFF
45053,Flooding,1336984.53,00AAFF
45055,none,0.0,FFFFFF
45057,none,0.0,FFFFFF
45059,none,0.0,FFFFFF
45061,none,0.0,FFFFFF
45063,Severe storm,547858.74,FFFF00
45065,Winter storm,775690.0,A0E6FF
45067,Flooding,863929.0,00AAFF
45069,Flooding,225000.0,00AAFF
45071,none,0.0,FFFFFF
45073,Infrastructure failure,8185338.87,884DFF
45075,Infrastructure failure,269056.88,884DFF
45077,Flooding,864999.64,00AAFF
45079,Dam/Levee break,46622548.35,00AAFF
45081,none,0.0,FFFFFF
45083,Winter storm,331018.0,A0E6FF
45085,Flooding,152150.0,00AAFF
45087,none,0.0,FFFFFF
45089,Flooding,1986032.7,00AAFF
45091,Infrastructure failure,15095302.0,884DFF
46003,Tornado,10432.2,4F666A
46007,none,0.0,FFFFFF
46009,none,0.0,FFFFFF
46011,Severe storm,18900.0,FFFF00
46013,none,0.0,FFFFFF
46015,Flooding,522797.96,00AAFF
46017,Flooding,449897.96,00AAFF
46019,none,0.0,FFFFFF
46021,Drought,4389000.0,CC5500
46023,Winter storm,328675.89,A0E6FF
46025,Flooding,82711.75,00AAFF
46029,Flooding,17650.0,00AAFF
46031,none,0.0,FFFFFF
46033,Flooding,954055.0,00AAFF
46035,Winter storm,422940.73,A0E6FF
46037,Flooding,63211.75,00AAFF
46039,none,0.0,FFFFFF
46041,none,0.0,FFFFFF
46043,Flooding,14305076.0,00AAFF
46045,none,0.0,FFFFFF
46047,Fire,14000.0,FF1919
46049,Flooding,16200.0,00AAFF
46051,Flooding,284348.75,00AAFF
46053,Flooding,14400.0,00AAFF
46055,none,0.0,FFFFFF
46057,Flooding,17650.0,00AAFF
46059,Flooding,32400.0,00AAFF
46061,Flooding,461975.0,00AAFF
46063,Winter storm,10000.0,A0E6FF
46065,Severe storm,398673.45,FFFF00
46067,Flooding,14767051.0,00AAFF
46069,Severe storm,398673.45,FFFF00
46071,none,0.0,FFFFFF
46073,Flooding,58500.0,00AAFF
46075,none,0.0,FFFFFF
46077,Severe storm,19200.0,FFFF00
46079,Infrastructure failure,195583.5,884DFF
46081,Flooding,151700.0,00AAFF
46083,Flooding,2100425.73,00AAFF
46085,Winter storm,14400.0,A0E6FF
46087,none,0.0,FFFFFF
46089,Winter storm,16200.0,A0E6FF
46091,Flooding,2315048.1799999997,00AAFF
46093,Fire,2616610.0,FF1919
46095,none,0.0,FFFFFF
46097,Extreme temperature,17425.0,CC5500
46099,Flooding,2088775.73,00AAFF
46101,Flooding,172200.0,00AAFF
46102,Infrastructure failure,2467125.0,884DFF
46103,Fire,2632610.0,FF1919
46105,Fire,14000.0,FF1919
46107,Severe storm,16200.0,FFFF00
46109,Flooding,2599396.9299999997,00AAFF
46111,Tornado,10432.2,4F666A
46115,Flooding,16200.0,00AAFF
46117,none,0.0,FFFFFF
46119,Severe storm,414873.45,FFFF00
46125,Tornado,485973.18,4F666A
46127,Tornado,12500.0,4F666A
46129,Drought,4389000.0,CC5500
46135,none,0.0,FFFFFF
46137,none,0.0,FFFFFF
47001,none,0.0,FFFFFF
47003,none,0.0,FFFFFF
47005,none,0.0,FFFFFF
47007,none,0.0,FFFFFF
47009,Severe storm,550000.0,FFFF00
47011,none,0.0,FFFFFF
47013,none,0.0,FFFFFF
47015,none,0.0,FFFFFF
47017,none,0.0,FFFFFF
47019,Flooding,280000.0,00AAFF
47021,none,0.0,FFFFFF
47023,none,0.0,FFFFFF
47025,none,0.0,FFFFFF
47027,none,0.0,FFFFFF
47029,none,0.0,FFFFFF
47031,none,0.0,FFFFFF
47033,none,0.0,FFFFFF
47035,none,0.0,FFFFFF
47037,Flooding,3937301.0,00AAFF
47039,none,0.0,FFFFFF
47041,none,0.0,FFFFFF
47043,none,0.0,FFFFFF
47045,none,0.0,FFFFFF
47047,none,0.0,FFFFFF
47049,none,0.0,FFFFFF
47051,none,0.0,FFFFFF
47053,none,0.0,FFFFFF
47055,none,0.0,FFFFFF
47057,none,0.0,FFFFFF
47059,none,0.0,FFFFFF
47061,none,0.0,FFFFFF
47063,none,0.0,FFFFFF
47065,Tornado,106400809.48,4F666A
47067,none,0.0,FFFFFF
47069,none,0.0,FFFFFF
47071,none,0.0,FFFFFF
47073,none,0.0,FFFFFF
47075,Disease,790000.0,FFFFFF
47077,none,0.0,FFFFFF
47079,none,0.0,FFFFFF
47081,none,0.0,FFFFFF
47083,none,0.0,FFFFFF
47085,none,0.0,FFFFFF
47087,none,0.0,FFFFFF
47089,none,0.0,FFFFFF
47091,none,0.0,FFFFFF
47093,none,0.0,FFFFFF
47095,none,0.0,FFFFFF
47097,none,0.0,FFFFFF
47099,none,0.0,FFFFFF
47101,none,0.0,FFFFFF
47103,none,0.0,FFFFFF
47105,none,0.0,FFFFFF
47107,none,0.0,FFFFFF
47109,none,0.0,FFFFFF
47111,none,0.0,FFFFFF
47113,Disease,790000.0,FFFFFF
47115,none,0.0,FFFFFF
47117,none,0.0,FFFFFF
47119,none,0.0,FFFFFF
47121,none,0.0,FFFFFF
47123,none,0.0,FFFFFF
47125,none,0.0,FFFFFF
47127,none,0.0,FFFFFF
47129,none,0.0,FFFFFF
47131,none,0.0,FFFFFF
47133,none,0.0,FFFFFF
47135,none,0.0,FFFFFF
47137,none,0.0,FFFFFF
47139,none,0.0,FFFFFF
47141,none,0.0,FFFFFF
47143,none,0.0,FFFFFF
47145,none,0.0,FFFFFF
47147,none,0.0,FFFFFF
47149,Tornado,22877842.65,4F666A
47151,none,0.0,FFFFFF
47153,none,0.0,FFFFFF
47155,none,0.0,FFFFFF
47157,Fire,2010000.0,FF1919
47159,none,0.0,FFFFFF
47161,none,0.0,FFFFFF
47163,none,0.0,FFFFFF
47165,none,0.0,FFFFFF
47167,none,0.0,FFFFFF
47169,none,0.0,FFFFFF
47171,Flooding,280000.0,00AAFF
47173,none,0.0,FFFFFF
47175,none,0.0,FFFFFF
47177,none,0.0,FFFFFF
47179,Flooding,748055.0,00AAFF
47181,none,0.0,FFFFFF
47183,none,0.0,FFFFFF
47185,none,0.0,FFFFFF
47187,none,0.0,FFFFFF
47189,none,0.0,FFFFFF
48001,Flooding,725456.98,00AAFF
48003,none,0.0,FFFFFF
48005,none,0.0,FFFFFF
48007,none,0.0,FFFFFF
48009,none,0.0,FFFFFF
48011,none,0.0,FFFFFF
48013,Severe storm,60000.0,FFFF00
48015,none,0.0,FFFFFF
48017,none,0.0,FFFFFF
48019,none,0.0,FFFFFF
48021,none,0.0,FFFFFF
48023,none,0.0,FFFFFF
48025,Flooding,150000.0,00AAFF
48029,Flooding,63631441.269999996,00AAFF
48031,Flooding,700000.0,00AAFF
48033,none,0.0,FFFFFF
48035,none,0.0,FFFFFF
48037,none,0.0,FFFFFF
48039,Flooding,17849447.5,00AAFF
48041,Flooding,650000.0,00AAFF
48043,Flooding,106492.76,00AAFF
48045,none,0.0,FFFFFF
48047,none,0.0,FFFFFF
48049,none,0.0,FFFFFF
48051,none,0.0,FFFFFF
48053,none,0.0,FFFFFF
48055,Flooding,94834175.5,00AAFF
48057,none,0.0,FFFFFF
48059,Flooding,931141.06,00AAFF
48061,Flooding,121036724.18,00AAFF
48063,none,0.0,FFFFFF
48065,none,0.0,FFFFFF
48067,none,0.0,FFFFFF
48069,none,0.0,FFFFFF
48071,Flooding,12062974.24,00AAFF
48073,none,0.0,FFFFFF
48075,none,0.0,FFFFFF
48077,none,0.0,FFFFFF
48079,none,0.0,FFFFFF
48081,none,0.0,FFFFFF
48083,none,0.0,FFFFFF
48085,Flooding,5633575.1,00AAFF
48087,none,0.0,FFFFFF
48089,Flooding,3663286.88,00AAFF
48091,Flooding,110094516.14,00AAFF
48093,none,0.0,FFFFFF
48095,none,0.0,FFFFFF
48097,none,0.0,FFFFFF
48099,none,0.0,FFFFFF
48101,none,0.0,FFFFFF
48103,none,0.0,FFFFFF
48105,none,0.0,FFFFFF
48107,none,0.0,FFFFFF
48109,none,0.0,FFFFFF
48111,none,0.0,FFFFFF
48113,Flooding,17101412.1,00AAFF
48115,none,0.0,FFFFFF
48117,none,0.0,FFFFFF
48119,Tornado,5364555.0,4F666A
48121,Infrastructure failure,553067.0,884DFF
48123,none,0.0,FFFFFF
48125,none,0.0,FFFFFF
48127,none,0.0,FFFFFF
48129,none,0.0,FFFFFF
48131,none,0.0,FFFFFF
48133,none,0.0,FFFFFF
48135,none,0.0,FFFFFF
48137,none,0.0,FFFFFF
48139,Flooding,464417.0,00AAFF
48141,none,0.0,FFFFFF
48143,none,0.0,FFFFFF
48145,none,0.0,FFFFFF
48147,none,0.0,FFFFFF
48149,none,0.0,FFFFFF
48151,none,0.0,FFFFFF
48153,none,0.0,FFFFFF
48155,none,0.0,FFFFFF
48157,Flooding,62544134.09,00AAFF
48159,none,0.0,FFFFFF
48161,none,0.0,FFFFFF
48163,none,0.0,FFFFFF
48165,none,0.0,FFFFFF
48167,Flooding,198740767.39,00AAFF
48169,none,0.0,FFFFFF
48171,none,0.0,FFFFFF
48173,none,0.0,FFFFFF
48175,Tropical cyclone (Hurricane/Typhoon),1329675.0,00AAFF
48177,none,0.0,FFFFFF
48179,none,0.0,FFFFFF
48181,none,0.0,FFFFFF
48183,Tornado,1921340.0,4F666A
48185,none,0.0,FFFFFF
48187,Flooding,98287491.5,00AAFF
48189,none,0.0,FFFFFF
48191,none,0.0,FFFFFF
48193,none,0.0,FFFFFF
48195,none,0.0,FFFFFF
48197,none,0.0,FFFFFF
48199,Flooding,371725.0,00AAFF
48201,Flooding,616833747.78,00AAFF
48203,Tornado,1921340.0,4F666A
48205,none,0.0,FFFFFF
48207,none,0.0,FFFFFF
48209,Flooding,94834175.5,00AAFF
48211,none,0.0,FFFFFF
48213,Flooding,950356.48,00AAFF
48215,Flooding,305130256.01,00AAFF
48217,none,0.0,FFFFFF
48219,none,0.0,FFFFFF
48221,none,0.0,FFFFFF
48223,Tornado,5364555.0,4F666A
48225,none,0.0,FFFFFF
48227,none,0.0,FFFFFF
48229,none,0.0,FFFFFF
48231,none,0.0,FFFFFF
48233,none,0.0,FFFFFF
48235,none,0.0,FFFFFF
48237,none,0.0,FFFFFF
48239,Flooding,17958649.27,00AAFF
48241,Flooding,1509066.58,00AAFF
48243,Flooding,4907924.0,00AAFF
48245,Flooding,389186649.94,00AAFF
48247,none,0.0,FFFFFF
48249,none,0.0,FFFFFF
48251,none,0.0,FFFFFF
48253,Flooding,931141.06,00AAFF
48255,none,0.0,FFFFFF
48257,none,0.0,FFFFFF
48259,Flooding,15260340.64,00AAFF
48261,Severe storm,252000.0,FFFF00
48263,none,0.0,FFFFFF
48265,none,0.0,FFFFFF
48267,none,0.0,FFFFFF
48269,none,0.0,FFFFFF
48271,none,0.0,FFFFFF
48273,none,0.0,FFFFFF
48275,none,0.0,FFFFFF
48277,none,0.0,FFFFFF
48279,none,0.0,FFFFFF
48281,none,0.0,FFFFFF
48283,none,0.0,FFFFFF
48285,Flooding,34580177.86,00AAFF
48287,none,0.0,FFFFFF
48289,none,0.0,FFFFFF
48291,none,0.0,FFFFFF
48293,none,0.0,FFFFFF
48295,none,0.0,FFFFFF
48297,Flooding,966855.0,00AAFF
48299,none,0.0,FFFFFF
48301,none,0.0,FFFFFF
48303,none,0.0,FFFFFF
48305,none,0.0,FFFFFF
48307,none,0.0,FFFFFF
48309,none,0.0,FFFFFF
48311,none,0.0,FFFFFF
48313,none,0.0,FFFFFF
48315,none,0.0,FFFFFF
48317,none,0.0,FFFFFF
48319,none,0.0,FFFFFF
48321,Infrastructure failure,6637090.95,884DFF
48323,none,0.0,FFFFFF
48325,Flooding,2444648.3899999997,00AAFF
48327,none,0.0,FFFFFF
48329,none,0.0,FFFFFF
48331,none,0.0,FFFFFF
48333,none,0.0,FFFFFF
48335,none,0.0,FFFFFF
48337,none,0.0,FFFFFF
48339,Flooding,63615370.45,00AAFF
48341,none,0.0,FFFFFF
48343,none,0.0,FFFFFF
48345,none,0.0,FFFFFF
48347,none,0.0,FFFFFF
48349,none,0.0,FFFFFF
48351,Flooding,88000.0,00AAFF
48353,none,0.0,FFFFFF
48355,none,0.0,FFFFFF
48357,none,0.0,FFFFFF
48359,none,0.0,FFFFFF
48361,Flooding,79620763.26,00AAFF
48363,Flooding,525000.0,00AAFF
48365,none,0.0,FFFFFF
48367,Flooding,525000.0,00AAFF
48369,none,0.0,FFFFFF
48371,none,0.0,FFFFFF
48373,none,0.0,FFFFFF
48375,none,0.0,FFFFFF
48377,none,0.0,FFFFFF
48379,none,0.0,FFFFFF
48381,none,0.0,FFFFFF
48383,none,0.0,FFFFFF
48385,none,0.0,FFFFFF
48387,none,0.0,FFFFFF
48389,none,0.0,FFFFFF
48391,none,0.0,FFFFFF
48393,none,0.0,FFFFFF
48395,none,0.0,FFFFFF
48397,Extreme temperature,1741334.0,CC5500
48399,none,0.0,FFFFFF
48401,none,0.0,FFFFFF
48403,none,0.0,FFFFFF
48405,none,0.0,FFFFFF
48407,none,0.0,FFFFFF
48409,Flooding,150000.0,00AAFF
48411,none,0.0,FFFFFF
48413,none,0.0,FFFFFF
48415,none,0.0,FFFFFF
48417,Flooding,931141.06,00AAFF
48419,none,0.0,FFFFFF
48421,none,0.0,FFFFFF
48423,none,0.0,FFFFFF
48425,none,0.0,FFFFFF
48427,none,0.0,FFFFFF
48429,Severe storm,414614.0,FFFF00
48431,none,0.0,FFFFFF
48433,none,0.0,FFFFFF
48435,none,0.0,FFFFFF
48437,none,0.0,FFFFFF
48439,Flooding,136220254.46,00AAFF
48441,Flooding,931141.06,00AAFF
48443,none,0.0,FFFFFF
48445,none,0.0,FFFFFF
48447,none,0.0,FFFFFF
48449,none,0.0,FFFFFF
48451,none,0.0,FFFFFF
48453,Dam/Levee break,110511674.0,00AAFF
48455,none,0.0,FFFFFF
48457,none,0.0,FFFFFF
48459,none,0.0,FFFFFF
48461,none,0.0,FFFFFF
48463,none,0.0,FFFFFF
48465,none,0.0,FFFFFF
48467,none,0.0,FFFFFF
48469,Drought,6334031.24,CC5500
48471,none,0.0,FFFFFF
48473,none,0.0,FFFFFF
48475,none,0.0,FFFFFF
48477,none,0.0,FFFFFF
48479,Flooding,999555.0,00AAFF
48481,Flooding,5839131.16,00AAFF
48483,none,0.0,FFFFFF
48485,none,0.0,FFFFFF
48487,none,0.0,FFFFFF
48489,none,0.0,FFFFFF
48491,Flooding,9445710.0,00AAFF
48493,Flooding,3453316.0,00AAFF
48495,none,0.0,FFFFFF
48497,Infrastructure failure,553067.0,884DFF
48499,none,0.0,FFFFFF
48501,none,0.0,FFFFFF
48503,Severe storm,414614.0,FFFF00
48505,none,0.0,FFFFFF
48507,none,0.0,FFFFFF
49001,Flooding,155000.0,00AAFF
49003,Earthquake,11549950.0,FFFFFF
49005,Earthquake,16530047.73,FFFFFF
49007,Flooding,45000.0,00AAFF
49009,none,0.0,FFFFFF
49011,Earthquake,143827415.69,FFFFFF
49013,Flooding,45000.0,00AAFF
49015,Flooding,90000.0,00AAFF
49017,Flooding,46350.0,00AAFF
49019,Flooding,942200.0,00AAFF
49021,none,0.0,FFFFFF
49023,Flooding,3600013.0,00AAFF
49025,Infrastructure failure,379500.0,884DFF
49027,none,0.0,FFFFFF
49029,Earthquake,407930.0,FFFFFF
49031,none,0.0,FFFFFF
49033,none,0.0,FFFFFF
49035,Earthquake,203013949.74,FFFFFF
49037,Flooding,942200.0,00AAFF
49039,Drought,2026000.0,CC5500
49041,Flooding,660000.0,00AAFF
49043,none,0.0,FFFFFF
49045,Drought,3129000.0,CC5500
49047,Dam/Levee break,75000.0,00AAFF
49049,Flooding,154666297.41,00AAFF
49051,none,0.0,FFFFFF
49053,Flooding,2218308.0,00AAFF
49055,none,0.0,FFFFFF
49057,Flooding,606720.0,00AAFF
50001,Flooding,627073.65,00AAFF
50003,none,0.0,FFFFFF
50005,Flooding,157500.0,00AAFF
50007,Flooding,87150.0,00AAFF
50009,none,0.0,FFFFFF
50011,Infrastructure failure,131775.0,884DFF
50013,none,0.0,FFFFFF
50015,Flooding,378053.55,00AAFF
50017,Dam/Levee break,1000279.88,00AAFF
50019,Flooding,78750.0,00AAFF
50021,Flooding,502635.0,00AAFF
50023,Flooding,4414604.71,00AAFF
50025,Flooding,195510.0,00AAFF
50027,Flooding,3220093.0,00AAFF
51001,Infrastructure failure,126700.0,884DFF
51003,Drought,121331973.0,CC5500
51005,Severe storm,3000000.0,FFFF00
51007,none,0.0,FFFFFF
51009,none,0.0,FFFFFF
51011,none,0.0,FFFFFF
51013,Infrastructure failure,534372.0,884DFF
51015,none,0.0,FFFFFF
51017,none,0.0,FFFFFF
51019,Severe storm,4274408.0,FFFF00
51021,none,0.0,FFFFFF
51023,Infrastructure failure,157395.0,884DFF
51025,none,0.0,FFFFFF
51027,none,0.0,FFFFFF
51029,Flooding,44000.0,00AAFF
51031,Flooding,1438000.0,00AAFF
51033,none,0.0,FFFFFF
51035,Infrastructure failure,18015251.0,884DFF
51036,Tornado,78750.0,4F666A
51037,none,0.0,FFFFFF
51041,Infrastructure failure,33081513.0,884DFF
51043,none,0.0,FFFFFF
51045,Severe storm,3000000.0,FFFF00
51047,none,0.0,FFFFFF
51051,none,0.0,FFFFFF
51053,Infrastructure failure,3747297.0,884DFF
51057,none,0.0,FFFFFF
51059,Flooding,26848579.8,00AAFF
51061,none,0.0,FFFFFF
51063,Flooding,100000.0,00AAFF
51065,Flooding,44000.0,00AAFF
51067,Infrastructure failure,2734692.0,884DFF
51069,none,0.0,FFFFFF
51071,none,0.0,FFFFFF
51073,Flooding,1270850.0,00AAFF
51075,none,0.0,FFFFFF
51077,none,0.0,FFFFFF
51079,Drought,89830000.0,CC5500
51081,none,0.0,FFFFFF
51083,none,0.0,FFFFFF
51085,none,0.0,FFFFFF
51087,Infrastructure failure,26912058.14,884DFF
51089,none,0.0,FFFFFF
51091,none,0.0,FFFFFF
51093,Flooding,920240.0,00AAFF
51095,none,0.0,FFFFFF
51097,Flooding,1270850.0,00AAFF
51099,none,0.0,FFFFFF
51101,Severe storm,81900.0,FFFF00
51103,Infrastructure failure,2310000.0,884DFF
51105,Landslide/Debris flow,682600.0,644117
51107,Flooding,6247712.0,00AAFF
51109,none,0.0,FFFFFF
51111,none,0.0,FFFFFF
51113,Drought,89830000.0,CC5500
51115,none,0.0,FFFFFF
51117,none,0.0,FFFFFF
51119,Flooding,1270850.0,00AAFF
51121,Flooding,100000.0,00AAFF
51125,none,0.0,FFFFFF
51127,Tornado,78750.0,4F666A
51131,none,0.0,FFFFFF
51133,Infrastructure failure,2310000.0,884DFF
51135,Severe storm,98794.0,FFFF00
51137,none,0.0,FFFFFF
51139,none,0.0,FFFFFF
51141,Infrastructure failure,18015251.0,884DFF
51143,Severe storm,246000.0,FFFF00
51147,none,0.0,FFFFFF
51149,Infrastructure failure,3747297.0,884DFF
51153,Flooding,3464629.0,00AAFF
51155,Flooding,100000.0,00AAFF
51157,none,0.0,FFFFFF
51159,Flooding,3707771.0,00AAFF
51161,Flooding,291531.0,00AAFF
51163,none,0.0,FFFFFF
51165,none,0.0,FFFFFF
51167,none,0.0,FFFFFF
51169,none,0.0,FFFFFF
51171,Flooding,236722.0,00AAFF
51173,none,0.0,FFFFFF
51175,none,0.0,FFFFFF
51177,Dam/Levee break,100000.0,00AAFF
51179,Flooding,19564316.0,00AAFF
51181,Flooding,920240.0,00AAFF
51183,none,0.0,FFFFFF
51185,none,0.0,FFFFFF
51187,none,0.0,FFFFFF
51191,none,0.0,FFFFFF
51193,Flooding,3707771.0,00AAFF
51195,Landslide/Debris flow,682600.0,644117
51197,Infrastructure failure,18015251.0,884DFF
51199,Flooding,854372.0,00AAFF
51510,Flooding,330728611.0,00AAFF
51520,none,0.0,FFFFFF
51530,none,0.0,FFFFFF
51540,Drought,121331973.0,CC5500
51550,Flooding,14910045.0,00AAFF
51570,Flooding,240080.0,00AAFF
51580,none,0.0,FFFFFF
51590,none,0.0,FFFFFF
51595,none,0.0,FFFFFF
51600,Severe storm,12092.0,FFFF00
51610,none,0.0,FFFFFF
51620,none,0.0,FFFFFF
51630,Dam/Levee break,100000.0,00AAFF
51640,none,0.0,FFFFFF
51650,Flooding,20888472.0,00AAFF
51660,none,0.0,FFFFFF
51670,none,0.0,FFFFFF
51678,none,0.0,FFFFFF
51680,none,0.0,FFFFFF
51683,none,0.0,FFFFFF
51685,Flooding,3306187.0,00AAFF
51690,none,0.0,FFFFFF
51700,Flooding,987000.0,00AAFF
51710,Flooding,16514993.31,00AAFF
51720,none,0.0,FFFFFF
51730,Infrastructure failure,3747297.0,884DFF
51735,none,0.0,FFFFFF
51740,Flooding,32075625.0,00AAFF
51750,Flooding,100000.0,00AAFF
51760,Dam/Levee break,112953893.0,00AAFF
51770,Flooding,567031.0,00AAFF
51775,Flooding,241531.0,00AAFF
51790,none,0.0,FFFFFF
51800,Flooding,920240.0,00AAFF
51810,Flooding,259215834.0,00AAFF
51820,none,0.0,FFFFFF
51830,none,0.0,FFFFFF
51840,none,0.0,FFFFFF
53001,none,0.0,FFFFFF
53003,none,0.0,FFFFFF
53005,none,0.0,FFFFFF
53007,Flooding,158000.0,00AAFF
53009,Drought,29986688.0,CC5500
53011,Earthquake,27673104.0,FFFFFF
53013,none,0.0,FFFFFF
53015,none,0.0,FFFFFF
53017,none,0.0,FFFFFF
53019,none,0.0,FFFFFF
53021,none,0.0,FFFFFF
53023,none,0.0,FFFFFF
53025,none,0.0,FFFFFF
53027,Flooding,134891951.70999998,00AAFF
53029,none,0.0,FFFFFF
53031,none,0.0,FFFFFF
53033,Earthquake,164652092.95,FFFFFF
53035,Earthquake,1985000.0,FFFFFF
53037,Flooding,19425517.779999997,00AAFF
53039,Fire,1320742.5,FF1919
53041,none,0.0,FFFFFF
53043,Fire,94124.0,FF1919
53045,Severe storm,8326884.94,FFFF00
53047,Fire,107678.56,FF1919
53049,Tsunami,354488.4,00AAFF
53051,none,0.0,FFFFFF
53053,Earthquake,36351216.0,FFFFFF
53055,Landslide/Debris flow,920682.9,644117
53057,Earthquake,2018393.0,FFFFFF
53059,none,0.0,FFFFFF
53061,Earthquake,20729000.0,FFFFFF
53063,none,0.0,FFFFFF
53065,Fire,94124.0,FF1919
53067,Severe storm,21929914.89,FFFF00
53069,none,0.0,FFFFFF
53071,Earthquake,7542040.0,FFFFFF
53073,Flooding,16141772.57,00AAFF
53075,none,0.0,FFFFFF
53077,Flooding,2151437.4,00AAFF
54001,none,0.0,FFFFFF
54003,Flooding,225000.0,00AAFF
54005,none,0.0,FFFFFF
54007,none,0.0,FFFFFF
54009,none,0.0,FFFFFF
54011,Flooding,80319000.0,00AAFF
54013,none,0.0,FFFFFF
54015,none,0.0,FFFFFF
54017,none,0.0,FFFFFF
54019,none,0.0,FFFFFF
54021,none,0.0,FFFFFF
54023,Flooding,118376.6,00AAFF
54025,none,0.0,FFFFFF
54027,none,0.0,FFFFFF
54029,none,0.0,FFFFFF
54031,Flooding,118376.6,00AAFF
54033,Flooding,99482.24,00AAFF
54035,none,0.0,FFFFFF
54037,none,0.0,FFFFFF
54039,Flooding,17765077.85,00AAFF
54041,none,0.0,FFFFFF
54043,none,0.0,FFFFFF
54045,none,0.0,FFFFFF
54047,none,0.0,FFFFFF
54049,none,0.0,FFFFFF
54051,none,0.0,FFFFFF
54053,none,0.0,FFFFFF
54055,Flooding,500000.0,00AAFF
54057,none,0.0,FFFFFF
54059,none,0.0,FFFFFF
54061,Flooding,8531000.0,00AAFF
54063,none,0.0,FFFFFF
54065,none,0.0,FFFFFF
54067,Flooding,6000000.0,00AAFF
54069,none,0.0,FFFFFF
54071,Flooding,118376.6,00AAFF
54073,none,0.0,FFFFFF
54075,none,0.0,FFFFFF
54077,none,0.0,FFFFFF
54079,none,0.0,FFFFFF
54081,none,0.0,FFFFFF
54083,none,0.0,FFFFFF
54085,none,0.0,FFFFFF
54087,none,0.0,FFFFFF
54089,none,0.0,FFFFFF
54091,none,0.0,FFFFFF
54093,none,0.0,FFFFFF
54095,none,0.0,FFFFFF
54097,none,0.0,FFFFFF
54099,Flooding,72312840.0,00AAFF
54101,none,0.0,FFFFFF
54103,none,0.0,FFFFFF
54105,none,0.0,FFFFFF
54107,none,0.0,FFFFFF
54109,none,0.0,FFFFFF
55001,Flooding,46339.97,00AAFF
55003,Flooding,94386.68,00AAFF
55005,Tornado,16214839.34,4F666A
55007,Landslide/Debris flow,1568525.49,644117
55009,Infrastructure failure,10085630.0,884DFF
55011,Winter storm,32931.2,A0E6FF
55013,Tornado,4887792.0,4F666A
55015,Flooding,55735.05,00AAFF
55017,Tornado,40564271.239999995,4F666A
55019,Tornado,8580285.76,4F666A
55021,Flooding,7961519.45,00AAFF
55023,Tornado,5688423.0,4F666A
55025,Flooding,18377260.67,00AAFF
55027,Flooding,45806.59,00AAFF
55029,none,0.0,FFFFFF
55031,Flooding,1037306.79,00AAFF
55033,Tornado,51420.0,4F666A
55035,Tornado,40564271.239999995,4F666A
55037,none,0.0,FFFFFF
55039,Flooding,656775.0,00AAFF
55041,Flooding,343130.78,00AAFF
55043,Tornado,82051701.57,4F666A
55045,none,0.0,FFFFFF
55047,Severe storm,33878.4,FFFF00
55049,Tornado,41773028.0,4F666A
55051,none,0.0,FFFFFF
55053,Tornado,11182903.14,4F666A
55055,Flooding,295475.25,00AAFF
55057,Tornado,14484105.67,4F666A
55059,Infrastructure failure,56819000.0,884DFF
55061,Extreme temperature,33719.06,CC5500
55063,Tornado,7089493.65,4F666A
55065,Tornado,75733497.09,4F666A
55067,Tornado,41484.48,4F666A
55069,Tornado,42000.0,4F666A
55071,Flooding,748735.05,00AAFF
55073,Tornado,21966391.279999997,4F666A
55075,Infrastructure failure,1088726.12,884DFF
55077,Flooding,190044.75,00AAFF
55078,Severe storm,1146445.77,FFFF00
55079,Infrastructure failure,3963352.77,884DFF
55081,Tornado,11232633.67,4F666A
55083,Infrastructure failure,1088726.12,884DFF
55085,Tornado,42000.0,4F666A
55087,Infrastructure failure,10085630.0,884DFF
55089,Severe storm,63000.0,FFFF00
55091,Winter storm,32931.2,A0E6FF
55093,Flooding,255651.79,00AAFF
55095,Tornado,4887792.0,4F666A
55097,Tornado,8427461.55,4F666A
55099,Tornado,4741102.37,4F666A
55101,Severe storm,3362544.0,FFFF00
55103,Tornado,5704122.0,4F666A
55105,Flooding,85194.56,00AAFF
55107,Tornado,13270225.31,4F666A
55109,Tornado,1666735.0,4F666A
55111,Flooding,7879939.7,00AAFF
55113,Tornado,12777091.28,4F666A
55115,Tornado,41484.48,4F666A
55117,Infrastructure failure,12140247.85,884DFF
55119,Tornado,21882906.799999997,4F666A
55121,Tornado,7089493.65,4F666A
55123,Tornado,16936755.67,4F666A
55125,Tornado,42000.0,4F666A
55127,none,0.0,FFFFFF
55129,Tornado,16537812.25,4F666A
55131,Severe storm,63000.0,FFFF00
55133,Severe storm,875000.0,FFFF00
55135,Severe storm,46474.38,FFFF00
55137,Severe storm,46474.38,FFFF00
55139,Flooding,150675.0,00AAFF
55141,Flooding,46339.97,00AAFF
56001,none,0.0,FFFFFF
56003,Flooding,44895.0,00AAFF
56005,Flooding,250000.0,00AAFF
56007,Flooding,2362558.0,00AAFF
56009,Infrastructure failure,47696.58,884DFF
56011,none,0.0,FFFFFF
56013,Flooding,3126985.0,00AAFF
56015,Infrastructure failure,23855700.0,884DFF
56017,none,0.0,FFFFFF
56019,none,0.0,FFFFFF
56021,Flooding,8237985.25,00AAFF
56023,none,0.0,FFFFFF
56025,Flooding,22212892.22,00AAFF
56027,none,0.0,FFFFFF
56029,Flooding,100000.0,00AAFF
56031,none,0.0,FFFFFF
56033,Flooding,784468.65,00AAFF
56035,none,0.0,FFFFFF
56037,Flooding,669193.0,00AAFF
56039,none,0.0,FFFFFF
56041,none,0.0,FFFFFF
56043,none,0.0,FFFFFF
56045,none,0.0,FFFFFF
66010,Infrastructure failure,23925557.5,884DFF
72001,none,0.0,FFFFFF
72003,none,0.0,FFFFFF
72005,Flooding,9788085.3,00AAFF
72007,none,0.0,FFFFFF
72009,none,0.0,FFFFFF
72011,none,0.0,FFFFFF
72013,none,0.0,FFFFFF
72015,none,0.0,FFFFFF
72017,Flooding,15749999.0,00AAFF
72019,none,0.0,FFFFFF
72021,Tropical cyclone (Hurricane/Typhoon),44805537.33,00AAFF
72023,none,0.0,FFFFFF
72025,Tropical cyclone (Hurricane/Typhoon),8013512.33,00AAFF
72027,none,0.0,FFFFFF
72029,none,0.0,FFFFFF
72031,Tropical cyclone (Hurricane/Typhoon),8013512.33,00AAFF
72033,Tropical cyclone (Hurricane/Typhoon),8013512.33,00AAFF
72035,none,0.0,FFFFFF
72037,none,0.0,FFFFFF
72039,none,0.0,FFFFFF
72041,none,0.0,FFFFFF
72043,none,0.0,FFFFFF
72045,none,0.0,FFFFFF
72047,none,0.0,FFFFFF
72049,none,0.0,FFFFFF
72051,none,0.0,FFFFFF
72053,none,0.0,FFFFFF
72054,Flooding,15749999.0,00AAFF
72055,Flooding,26995150.0,00AAFF
72057,none,0.0,FFFFFF
72059,none,0.0,FFFFFF
72061,Severe storm,2000000.0,FFFF00
72063,none,0.0,FFFFFF
72065,none,0.0,FFFFFF
72067,none,0.0,FFFFFF
72069,none,0.0,FFFFFF
72071,Flooding,9788085.3,00AAFF
72073,Flooding,23100000.0,00AAFF
72075,none,0.0,FFFFFF
72077,none,0.0,FFFFFF
72079,none,0.0,FFFFFF
72081,none,0.0,FFFFFF
72083,none,0.0,FFFFFF
72085,none,0.0,FFFFFF
72087,none,0.0,FFFFFF
72089,none,0.0,FFFFFF
72091,none,0.0,FFFFFF
72093,none,0.0,FFFFFF
72095,none,0.0,FFFFFF
72097,none,0.0,FFFFFF
72099,Severe storm,9961720.18,FFFF00
72101,none,0.0,FFFFFF
72103,none,0.0,FFFFFF
72105,none,0.0,FFFFFF
72107,none,0.0,FFFFFF
72109,none,0.0,FFFFFF
72111,none,0.0,FFFFFF
72113,none,0.0,FFFFFF
72115,none,0.0,FFFFFF
72117,none,0.0,FFFFFF
72119,none,0.0,FFFFFF
72121,none,0.0,FFFFFF
72123,none,0.0,FFFFFF
72125,none,0.0,FFFFFF
72127,Flooding,82323602.16,00AAFF
72129,none,0.0,FFFFFF
72131,none,0.0,FFFFFF
72133,none,0.0,FFFFFF
72135,none,0.0,FFFFFF
72137,Flooding,21000000.0,00AAFF
72139,Tropical cyclone (Hurricane/Typhoon),8013512.33,00AAFF
72141,none,0.0,FFFFFF
72143,none,0.0,FFFFFF
72145,none,0.0,FFFFFF
72147,none,0.0,FFFFFF
72149,none,0.0,FFFFFF
72151,none,0.0,FFFFFF
72153,Flooding,26995150.0,00AAFF
78010,Infrastructure failure,946918.5,884DFF
78020,Tropical cyclone (Hurricane/Typhoon),308386.0,00AAFF
78030,Tropical cyclone (Hurricane/Typhoon),41157144.0,00AAFF
